# keyword	file	category	summary
ADDGRID	INCAR	Category:INCAR_tag	Description: {{TAG|ADDGRID}} determines whether an additional support grid is used for the evaluation of the augmentation charges. ---- When {{TAG|ADDGRID}}=.TRUE. VASP uses an additional support grid for the evaluation of the augmentation charges. This grid contains 8 times more points than the sta
AEXX	INCAR	Category:INCAR_tag	Description: {{TAG|AEXX}} specifies the fraction of exact exchange in a Hartree-Fock-type/hybrid-functional calculation. ---- {{NB|mind| *For versions of VASP prior to 6.4.0, {{TAG|ALDAX}} was constrained to be equal to 1.0-{{TAG|AEXX}}. This constraint is lifted since VASP.6.4.0. *For {{TAG|AEXX}}{
AGGAC	INCAR	Category:INCAR_tag	Description: {{TAG|AGGAC}} is a parameter that multiplies the gradient correction in the GGA correlation functional. ---- {{TAG|AGGAC}} can be used as the fraction of gradient correction in the GGA correlation in a Hartree-Fock/DFT hybrid functional.  {{NB|mind| *{{TAG|AGGAC}} is implemented for all
AGGAX	INCAR	Category:INCAR_tag	Description: {{TAG|AGGAX}} is a parameter that multiplies the gradient correction in the GGA exchange functional. ---- {{TAG|AGGAX}} can be used as the fraction of gradient correction in the GGA exchange in a Hartree-Fock/GGA hybrid functional. {{NB|important|{{TAG|AGGAX}} can be used only if {{TAG|
ALDAC	INCAR	Category:INCAR_tag	Description: {{TAG|ALDAC}} is a parameter that multiplies the LDA correlation functional or the LDA part of the GGA correlation functional.  ---- {{TAG|ALDAC}} can be used as the fraction of LDA correlation in a Hartree-Fock/DFT hybrid functional.  {{NB|mind| *{{TAG|ALDAC}} is implemented for all fu
ALDAX	INCAR	Category:INCAR_tag	Description: {{TAG|ALDAX}} is a parameter that multiplies the LDA exchange functional or the LDA part of the GGA exchange functional. ---- {{TAG|ALDAX}} can be used as the fraction of LDA exchange in a Hartree-Fock/DFT hybrid functional. {{NB|important|{{TAG|ALDAX}} can be used only if {{TAG|LHFCALC
ALGO	INCAR	Category:INCAR_tag	Description: Selects the electronic-minimization algorithm and/or the many-body method: :::* Electronic minimization (ground state) :::** *Self-consistency cycle*: Normal (default), Fast, VeryFast, Exact, Subrot :::** *Direct optimization*: All / Conjugate, Damped :::** *Postprocessing*: Eigenval, N
ALPHA VDW	INCAR	Category:INCAR_tag	Description: Specify \alpha in vdW-DF3-opt1/vdW-DF3-opt2. ----
AMGGAC	INCAR	Category:INCAR_tag	Description: {{TAG|AMGGAC}} is a parameter that multiplies the meta-GGA correlation functional (available as of VASP.6.4.0). ---- {{TAG|AMGGAC}} can be used as the fraction of  meta-GGA correlation in a Hartree-Fock/DFT hybrid functional.  {{NB|mind|Note the difference with respect to {{TAG|AGGAC}}:
AMGGAX	INCAR	Category:INCAR_tag	Description: {{TAG|AMGGAX}} is a parameter that multiplies the meta-GGA exchange functional (available as of VASP.6.4.0). ---- {{TAG|AMGGAX}} can be used as the fraction of meta-GGA exchange in a Hartree-Fock/DFT hybrid functional (possible since VASP.6.4.0). {{NB|important|{{TAG|AMGGAX}} can be use
AMIN	INCAR	Category:INCAR_tag	Description: {{TAG|AMIN}} specifies the minimal mixing parameter in Kerker's initial approximation{{cite|kerker:prb:1981}} to the charge-dielectric function used in the Broyden{{Cite|bluegel:phd:1988}}{{cite|johnson:prb:1988}}/Pulay{{cite|pulay:cpl:1980}} mixing scheme ({{TAG|IMIX}}=4, {{TAG|INIMIX}
AMIX	INCAR	Category:INCAR_tag	Description: {{TAG|AMIX}} specifies the linear mixing parameter. ---- In VASP the eigenvalue spectrum of the charge dielectric matrix is calculated and written to the {{FILE|OUTCAR}} file at each electronic step. This allows a rather easy optimization of the mixing parameters, if required. Search in
AMIX MAG	INCAR	Category:INCAR_tag	Description: Linear mixing parameter for the magnetization density. ---- The default mixing parameters for spinpolarized calculations are: :{{TAG|IMIX}}=4, {{TAG|AMIX}}=0.4, {{TAG|AMIN}}=min(0.1,{{TAG|AMIX}},{{TAG|AMIX_MAG}}), {{TAG|BMIX}}=1.0, {{TAG|AMIX_MAG}}=1.6, and {{TAG|BMIX_MAG}}=1.0.
ANDERSEN PROB	INCAR	Category:INCAR_tag	Description: {{TAG|ANDERSEN_PROB}} sets the collision probability for the Anderson thermostat (in case VASP was compiled with -Dtbdyn). ---- In the approach proposed by Andersen the system is thermally coupled to a fictitious heat bath with the desired temperature. The coupling is represented by sto
ANTIRES	INCAR	Category:INCAR_tag	Description: {{TAG|ANTIRES}} determines whether the Tamm-Dancoff approximation is used or not.
APACO	INCAR	Category:INCAR_tag	Description: {{TAG|APACO}} sets the maximum distance in the evaluation of the pair-correlation function (in &Aring;).
BANDGAP	INCAR	Category:INCAR_tag	Description: {{TAG|BANDGAP}} determines the verbosity for reporting the bandgap to the OUTCAR file. Only the first character is significant. ----
BEXT	INCAR	Category:INCAR_tag	Description: Specifies an external magnetic field in eV.
BEXX	INCAR	Category:INCAR_tag	Description: {{TAG|BEXX}} specifies the fraction of short-range exact exchange in range-separated hybrid-functionals constructed with {{TAG|LMODELHF}}=.TRUE.
BMIX	INCAR	Category:INCAR_tag	Description: {{TAG|BMIX}} sets the cutoff wave vector for Kerker mixing scheme {{Cite|kerker:prb:81}} ({{TAG|IMIX}}=1 and/or {{TAG|INIMIX}}=1). ---- The mixed density is given by ::\rho_{\rm mix}\left(G\right)=\rho_{\rm in}\left(G\right)+A \frac{G^2}{G^2+B^2}\Bigl(\rho_{\rm out}\left(G\right)-\rho_{
BMIX MAG	INCAR	Category:INCAR_tag	Description: Sets the cutoff wave vector for Kerker mixing scheme ({{TAG|IMIX}}=1 and/or {{TAG|INIMIX}}=1) for the magnetization density {{Cite|kerker:prb:1981}}. ---- The default mixing parameters for spinpolarized calculations are: :{{TAG|IMIX}}=4, {{TAG|AMIX}}=0.4, {{TAG|AMIN}}=min(0.1,{{TAG|AMIX
BPARAM	INCAR	Category:INCAR_tag	Description: The tag {{TAG|BPARAM}} specifies the value of the parameter b in the kernel of the nonlocal rVV10 correlation functional. ---- {{TAG|BPARAM}} should be set to 6.3, 15.7, 10, or 11.95 for the rVV10,{{cite|sabatini:prb:2013}}  SCAN+rVV10,{{cite|peng:prx:2016}} PBE+rVV10L,{{cite|peng:prb:2
BSEELECTRON	INCAR	Category:INCAR_tag	Description: {{TAG|BSEELECTRON}} sets the coordinates of the fixed electron of the exciton wavefunction ---- If {{TAG|BSEELECTRON}} is set in a BSE calculation, VASP computes exciton wavefunction for the first {{TAG|NBSEEIG}} states. The coordinates are provided in direct (fractional) coordinates.
BSEHOLE	INCAR	Category:INCAR_tag	Description: {{TAG|BSEHOLE}} sets the coordinates of the fixed hole of the exciton wavefunction ---- If {{TAG|BSEHOLE}} is set in a BSE calculation, VASP computes exciton wavefunction for the first {{TAG|NBSEEIG}} states. The coordinates are provided in direct (fractional) coordinates.
BSEPREC	INCAR	Category:INCAR_tag	Description: Determines the precision of the time-evolution algorithm, where it controls the timestep and the number of steps, and the precision of the Lanczos algorithms, where it sets the convergence threshold for the dielectric function.
CH AMPLIFICATION	INCAR	Category:INCAR_tag	Description: This tag is used to scale (amplify) the calculated dielectric function within the supercell core-hole method and the BSE+GW method for core electrons. ----
CH LSPEC	INCAR	Category:INCAR_tag	Description: This flag controls whether the dielecectric function using the supercell core-hole method is calculated or not. ---- How to calculate X-ray absorption spectra from the supercell core-hole method are is explained here.
CH NEDOS	INCAR	Category:INCAR_tag	Description: This tag specifies the number of frequency (energy) grid points on the x-axis in the calculation of the dielectric function in the supercell core-hole method. ----
CH SIGMA	INCAR	Category:INCAR_tag	Description: This tag specifies the width of the Gaussian broadening in eV of the imaginary dielectric function within the supercell core-hole method. ---- At the moment only Gaussian broadening of the dielectric function is implemented within the supercell core-hole method.
CHECKPOINT FD	INCAR	Category:INCAR_tag	Description: Enables a finite differences calculation to be restarted or split up into displacements.
CLL	INCAR	Category:INCAR_tag	Description: {{TAG|CLL}} selects the angular quantum number l of the excited core electron when using {{TAG|ICORELEVEL}}>0. ----
CLN	INCAR	Category:INCAR_tag	Description: {{TAG|CLN}} selects the main quantum number n of the excited core electron when using {{TAG|ICORELEVEL}}>0. ----
CLNT	INCAR	Category:INCAR_tag	Description: {{TAG|CLNT}} selects the type of the excited atoms in XAS calculations with {{TAG|ICORELEVEL}}>0. ---- All atoms of the selected type are excited in the XAS calculation with {{TAG|ICORELEVEL}}=2. Hence, it is recommended that the  excited atom is separated into a dedicated type with a s
CLZ	INCAR	Category:INCAR_tag	Description: {{TAG|CLZ}} selects a fractional or the full electron charge for the core hole in the core-excitation calculations with {{TAG|ICORELEVEL}}=2. ---- In SCH {{TAG|CLZ}} can be used to introduce a fraction of the core hole. For example, a half-core hole can be created to simulate a transiti
CMBJ	INCAR	Category:INCAR_tag	Description: defines the c parameter in the MBJ potential. ----
CMBJA	INCAR	Category:INCAR_tag	Description: sets the \alpha parameter in the MBJ and LMBJ potentials. ---- See the description of the {{TAG|METAGGA}} tag.
CMBJB	INCAR	Category:INCAR_tag	Description: sets the \beta parameter in the MBJ and LMBJ potentials. ---- See the description of the {{TAG|METAGGA}} tag.
CMBJE	INCAR	Category:INCAR_tag	Description: sets the e parameter in the MBJ and local MBJ potentials. ---- See the description of the {{TAG|METAGGA}} tag.
CPARAM	INCAR	Category:INCAR_tag	Description: The tag {{TAG|CPARAM}} allows to specify the value of the parameter C in the kernel of the nonlocal rVV10 correlation functional.{{cite|sabatini:prb:2013}} ----
CSHIFT	INCAR	Category:INCAR_tag	Category:INCAR tagCategory:Linear responseCategory:Dielectric propertiesCategory:Many-body perturbation theoryCategory:GW
CUTOFF MU	INCAR	Category:INCAR_tag	Description: {{TAG|CUTOFF_MU}} specifies the energy cutoff \mu in eV for the function specified by {{TAG|CUTOFF_MU}}.
CUTOFF SIGMA	INCAR	Category:INCAR_tag	Description: {{TAG|CUTOFF_SIGMA}} specifies the broadening \sigma in eV for the cutoff function specified by {{TAG|CUTOFF_TYPE}}.
CUTOFF TYPE	INCAR	Category:INCAR_tag	Description: {{TAG|CUTOFF_TYPE}} chooses the type of cutoff function to be used before performing the singular-value decomposition (SVD) of the initial projections matrix.
DEG THRESHOLD	INCAR	Category:INCAR_tag	Description: {{TAG|DEG_THRESHOLD}} specifies whether two eigenvalues should be treated as degenerate during clustering of orbitals in the linear response code. {{TAG|DEG_THRESHOLD}} is specified in units of eV.
DEPER	INCAR	Category:INCAR_tag	Description: {{TAG|DEPER}} specifies a relative stopping criterion for the optimization of an eigenvalue. ---- The tags {{TAG|DEPER}}, {{TAG|WEIMIN}}, and {{TAG|EBREAK}} allow fine tuning of the iterative matrix diagonalization, and are best not changed. They are optimized for a large variety of sys
DFTD4 MODEL	INCAR	Category:INCAR_tag	Description: {{TAG|DFTD4_MODEL}} defines the model in the DFT-D4 method.
DFTD4 XC	INCAR	Category:INCAR_tag	Description: {{TAG|DFTD4_XC}} sets the exchange-correlation functional which determines the van der Waals parameters used in the DFT-D4 method implemented in the DFT-D4 package. ---- {{TAG|DFTD4_XC}} allows to choose the exchange-correlation functional that determines which set of van der Waals para
DIMER DIST	INCAR	Category:INCAR_tag	Description: The flag {{TAG|DIMER_DIST}} defines the step size for the numerical differentiation (in \AA) for the {{TAG|Improved Dimer Method}}.
DIPOL	INCAR	Category:INCAR_tag	Description: specifies the center of the cell in direct lattice coordinates with respect to which the total dipole-moment in the cell is calculated. ---- The center of the cell w.r.t. which the total dipole-moment in the cell is calculated is specified as
DQ	INCAR	Category:INCAR_tag	Description: step size for the finite difference *k*-space derivative in the linear response calculation of chemical shifts. ---- Typical values for {{TAG|DQ}} are in the range [0.001 - 0.003]. The default is often sufficient.
EAUG	POTCAR	Category:POTCAR_tag	Description: {{TAG|EAUG}} specifies the energy cutoff for the plane-wave representation for the augmentation charges in eV for the pseudopotential it is read from.
EBREAK	INCAR	Category:INCAR_tag	Description: {{TAG|EBREAK}} specifies an absolute stopping criterion for the optimization of an eigenvalue. ---- The tags {{TAG|EBREAK}}, {{TAG|DEPER}}, and {{TAG|WEIMIN}} allow fine tuning of the iterative matrix diagonalization, and are best not changed. They are optimized for a large variety of s
EDIFF	INCAR	Category:INCAR_tag	Description: {{TAG|EDIFF}} specifies the global break condition for the electronic SC-loop. {{TAG|EDIFF}} is specified in units of eV. ---- The relaxation of the electronic degrees of freedom stops if the total (free) energy change and the band-structure-energy change ('change of eigenvalues') betwe
EDIFFG	INCAR	Category:INCAR_tag	Description: {{TAG|EDIFFG}} defines the break condition for the ionic relaxation loop. ---- When {{TAG|EDIFFG}} is positive, the relaxation is stopped when the change of the total energy is smaller than {{TAG|EDIFFG}} between two ionic steps.
EFERMI	INCAR	Category:INCAR_tag	Description: Defines how the Fermi energy is calculated in VASP. It is recommended to use EFERMI = MIDGAP.
EFERMI NEDOS	INCAR	Category:INCAR_tag	Description: Number of Gauss–Legendre integration points used to evaluate the Fermi–Dirac distribution and determine the Fermi level at finite temperature using the tetrahedron method only with {{TAGDEF|ISMEAR|−14 or -15}}.
EFIELD	INCAR	Category:INCAR_tag	Description: {{TAG|EFIELD}} controls the magnitude of the applied electric force field. ---- It is possible to apply an external electrostatic field in slab, or molecular calculations. Presently only a single value can be supplied and the field is applied in the direction selected by {{TAG|IDIPOL}}=
EFIELD PEAD	INCAR	Category:INCAR_tag	Description: {{TAG|EFIELD_PEAD}} specifies the homogeneous electric force field in the electric enthalpy functional used to compute the self-consistent response to finite electric fields. {{TAG|EFIELD_PEAD}} is specified in units of eV/Å. {{NB|mind| If {{TAG|EFIELD_PEAD}} is used in combination with
EFOR	INCAR	Category:INCAR_tag	Description: {{TAG|EFOR}} sets external forces in eV/&#8491; on each atom in the cartesian x-, y-, and z-directions. The order of the ions is equivalent to the order in the {{FILE|POSCAR}} file, and for each ion, x-, y-, and z-components have to be given.
EINT	INCAR	Category:INCAR_tag	Description: {{TAG|EINT}} sets the energy interval for bands contributing to the calculation of the partial charge density in eV. ---- *{{TAG|EINT}}= [real1] [real2]: :If two values are given, the energy interval between those values is used. *{{TAG|EINT}}= [real1]: :If only one value is given, the 
ELPH DECOMPOSE	INCAR	Category:INCAR_tag	Description: Chooses which contributions to include in the computation of the electron-phonon matrix elements.
ELPH DRIVER	INCAR	Category:INCAR_tag	Description: Chooses which driver to use for electron-phonon calculations.
ELPH FERMI NEDOS	INCAR	Category:INCAR_tag	Description: Number of Gauss–Legendre integration points used to evaluate the Fermi–Dirac distribution and determine the electronic Fermi level at finite temperature in the context of electron–phonon (el–ph) coupling calculations.
ELPH IGNORE IMAG PHONONS	INCAR	Category:INCAR_tag	Description: If enabled, VASP ignores imaginary phonon frequencies during electron-phonon calculations.
ELPH ISMEAR	INCAR	Category:INCAR_tag	Description: Chooses the smearing method to determine the fermi level and chemical potential before an electron-phonon calculation.
ELPH KSPACING	INCAR	Category:INCAR_tag	Description: The tag {{TAG|ELPH_KSPACING}} determines the <b>k</b> point mesh if the {{FILE|KPOINTS_ELPH}} file is not present.
ELPH LR	INCAR	Category:INCAR_tag	Description: Controls the treatment of the long-range part of the electron-phonon potential.
ELPH MODE	INCAR	Category:INCAR_tag	Description: Meta tag that selects reasonable defaults for electron-phonon calculations
ELPH NBANDS	INCAR	Category:INCAR_tag	Description: Number of bands to compute on the dense <b>k</b> point grid for the electron-phonon driver
ELPH NBANDS SUM	INCAR	Category:INCAR_tag	Description: Number of intermediate states to include in the computation of the phonon-induced electron self-energy.
ELPH POT FFT MESH	INCAR	Category:INCAR_tag	Description: Specifies the FFT mesh for mapping the electron-phonon potential to the primitive cell.
ELPH POT GENERATE	INCAR	Category:INCAR_tag	Description: Calculates the electron-phonon potential from finite atomic displacements.
ELPH POT LATTICE	INCAR	Category:INCAR_tag	Description: Allows specifying an alternative primitive cell for the mapping of the electron-phonon potential.
ELPH PREPARE	INCAR	Category:INCAR_tag	Description: Writes the potential, the force-constants and other information related to electron-phonon interactions to the {{FILE|vaspout.h5}} file.
ELPH RUN	INCAR	Category:INCAR_tag	Description: Select whether to run and electron-phonon calculation.
ELPH SCATTERING APPROX	INCAR	Category:INCAR_tag	Description: Select which type of approximation is used to compute the electron scattering lifetimes due to electron-phonon coupling
ELPH SELFEN BAND START	INCAR	Category:INCAR_tag	Description: Compute the electron self-energy due to electron-phonon coupling only for bands with indices starting from {{TAG|ELPH_SELFEN_BAND_START}}.
ELPH SELFEN BAND START KP	INCAR	Category:INCAR_tag	Description: Index of the first k' band included in the electron self-energy sum; -1 uses all bands, and -2 activates automatic determination based on energy conservation.
ELPH SELFEN BAND STOP	INCAR	Category:INCAR_tag	Description: Compute the electron self-energy due to electron-phonon coupling only for bands with indices until {{TAG|ELPH_SELFEN_BAND_STOP}}.
ELPH SELFEN BAND STOP KP	INCAR	Category:INCAR_tag	Description: Index of the last k' band included in the electron self-energy sum; -1 uses all bands up to {{TAG|ELPH_NBANDS}}, and -2 activates automatic determination based on energy conservation.
ELPH SELFEN BROAD TOL	INCAR	Category:INCAR_tag	Description: defines the fraction of the total weight of the broadening function (derived from the imaginary part of the electron self-energy) that is excluded when setting the energy window beyond which the delta function is considered zero.   Must be between 0 and 1. This tag is only used when {{T
ELPH SELFEN CARRIER DEN	INCAR	Category:INCAR_tag	Description: List of additional carrier densities in units of cm^{-3} at which to compute the phonon-mediated electron self-energy and transport coefficients.
ELPH SELFEN CARRIER DEN RANGE	INCAR	Category:INCAR_tag	Description: List of carrier density ranges in logarithmic scale (in cm^{-3}) at which to compute the phonon-mediated electron self-energy and transport coefficients.
ELPH SELFEN CARRIER PER CELL	INCAR	Category:INCAR_tag	Description: List of additional number of carriers for which to compute the phonon-mediated electron self-energy and transport coefficients.
ELPH SELFEN DELTA	INCAR	Category:INCAR_tag	Description: Complex imaginary shift to use when computing the self-energy due to electron-phonon coupling.
ELPH SELFEN DW	INCAR	Category:INCAR_tag	Description: Controls whether the Debye-Waller contribution is included in the calculation of the phonon-induced electron self-energy.
ELPH SELFEN ENERGY WINDOW	INCAR	Category:INCAR_tag	Description:   Specifies the energy window (in eV) around the band edges within which the electron-phonon self-energy is computed.
ELPH SELFEN FAN	INCAR	Category:INCAR_tag	Description: Controls whether the Fan-Migdal contribution is included in the calculation of the phonon-induced electron self-energy.
ELPH SELFEN G SKIP	INCAR	Category:INCAR_tag	Description:   Skip the computation of the electron-phonon matrix elements and instead assume their numerical value is 1.
ELPH SELFEN GAPS	INCAR	Category:INCAR_tag	Description: Find the direct and indirect gaps and the valence and conduction Kohn-Sham states that form it and select to compute their self-energy due to electron-phonon coupling.
ELPH SELFEN IKPT	INCAR	Category:INCAR_tag	Description: Compute the electron self-energy due to electron-phonon for a list of k-points specified by their index in the irreducible Brillouin zone generated from {{FILE|KPOINTS_ELPH}}.
ELPH SELFEN IMAG SKIP	INCAR	Category:INCAR_tag	Description:   Use the tetrahedron method to skip the computation of electron-phonon matrix elements for which the energy-conserving delta functions are zero.
ELPH SELFEN KPTS	INCAR	Category:INCAR_tag	Description: Computes the electron self-energy due to electron-phonon for a list of k-points specified by their fractional coordinates.
ELPH SELFEN MU	INCAR	Category:INCAR_tag	Description: List of chemical potentials at which to compute the phonon-mediated electron self-energy and transport coefficients.
ELPH SELFEN MU RANGE	INCAR	Category:INCAR_tag	Description: List of the range of chemical potentials (in eV) at which to compute the phonon-mediated electron self-energy and transport coefficients.
ELPH SELFEN NW	INCAR	Category:INCAR_tag	Description: Number of energies to use when computing the phonon-induced electron self-energy.
ELPH SELFEN STATIC	INCAR	Category:INCAR_tag	Description: Activates the adiabatic approximation for the phonon-induced electron self-energy.
ELPH SELFEN TEMPS	INCAR	Category:INCAR_tag	Description: List of temperatures for which to compute the electron self-energy due to electron-phonon coupling.
ELPH SELFEN TEMPS RANGE	INCAR	Category:INCAR_tag	Description: The range of temperatures (in K) at which to compute the phonon-mediated electron self-energy and transport coefficients.
ELPH SELFEN WRANGE	INCAR	Category:INCAR_tag	Description: Together with {{TAG|ELPH_SELFEN_NW}} specifies the energy window in which to evaluate the phonon-induced electron self-energy.
ELPH TRANSPORT	INCAR	Category:INCAR_tag	Description: Activates transport calculation involving electron-phonon coupling
ELPH TRANSPORT DFERMI TOL	INCAR	Category:INCAR_tag	Description: choose the fraction of the integral weight of the derivative of the Fermi–Dirac distribution that is excluded when defining the energy window for the Onsager coefficients. Must be between 0 and 1, and is only used when {{TAG|ELPH_TRANSPORT_DRIVER}}=1.
ELPH TRANSPORT DRIVER	INCAR	Category:INCAR_tag	Description: choose method to compute the Onsager coefficients, which are then used to compute the transport coefficients.
ELPH TRANSPORT EMAX	INCAR	Category:INCAR_tag	Description: Upper bound of the energy window in which states are considered for transport calculations.
ELPH TRANSPORT EMAX PLOT	INCAR	Category:INCAR_tag	Description:   Specifies the maximum energy (in eV) to be considered when computing the  transport distribution function for plotting.
ELPH TRANSPORT EMIN	INCAR	Category:INCAR_tag	Description: Lower bound of the energy window in which states are considered for transport calculations.
ELPH TRANSPORT EMIN PLOT	INCAR	Category:INCAR_tag	Description:   Specifies the minimum energy (in eV) to be considered when computing the  transport distribution function for plotting.
ELPH TRANSPORT NEDOS PLOT	INCAR	Category:INCAR_tag	Description:   Specifies the number of energy points used to sample the  transport distribution function for plotting.
ELPH USEBLAS	INCAR	Category:INCAR_tag	Description: Toggles the use of BLAS routines for computing electron-phonon matrix elements.
ELPH USERECIP	INCAR	Category:INCAR_tag	Description: Computes electron-phonon matrix elements in reciprocal space instead of real space.
ELPH WF CACHE MB	INCAR	Category:INCAR_tag	Description: Maximum memory (in MB) allocated for caching wavefunctions during electron-phonon matrix element calculations.
ELPH WF CACHE PREFILL	INCAR	Category:INCAR_tag	Description: Pre-fills the wavefunction cache before the main electron-phonon loop begins.
ELPH WF COMM OPT	INCAR	Category:INCAR_tag	Description:   Selects the MPI communication pattern used to exchange orbitals between different MPI ranks.
ELPH WF REDISTRIBUTE	INCAR	Category:INCAR_tag	Description:   After computing the electronic states, they are redistributed among the CPUs such that the workload to compute the electron self-energy is similar among the different CPUs.
ELPH WRITE HDF5VEL	INCAR	Category:INCAR_tag	Description: If set, writes the electron group velocities to the {{FILE|vaspout.h5}} file.
ELPH WRITE TEXTVEL	INCAR	Category:INCAR_tag	Description: If set, writes the electron group velocities to a {{FILE|velocity}} human-readable text file.
EMAX	INCAR	Category:INCAR_tag	Description: {{TAG|EMAX}} specifies the  upper boundary of the energy range for the evaluation of the electronic density of states (DOS). ---- The DOS is evaluated each {{TAG|NBLOCK}} steps, {{FILE|DOSCAR}}  is updated each  {{TAG|NBLOCK}}*{{TAG|KBLOCK}} steps.
EMIN	INCAR	Category:INCAR_tag	Description: {{TAG|EMIN}} specifies the  lower boundary of the energy range for the evaluation of the electronic density of states (DOS). ---- The DOS is evaluated each {{TAG|NBLOCK}} steps, {{FILE|DOSCAR}} is updated each {{TAG|NBLOCK}}*{{TAG|KBLOCK}} steps.  {{NB|tip| Set {{TAG|EMIN}} to a value l
ENAUG	INCAR	Category:INCAR_tag	Description: Specifies the cutoff energy of the plane-wave representation of the augmentation charges in eV. ---- {{TAG|ENAUG}} determines {{TAG|NGXF}}, {{TAG|NGYF}}, and {{TAG|NGZF}} in accordance with the {{TAG|PREC}} tag. {{NB|deprecated|{{TAG|ENAUG}} is considered as deprecated and should not be
ENCUT	INCAR	Category:INCAR_tag	Description: {{TAG|ENCUT}} specifies the energy cutoff for the plane-wave basis set in eV.
ENCUTFOCK	INCAR	Category:INCAR_tag	Description: The {{TAG|ENCUTFOCK}} tag sets the energy cutoff that determines the FFT grids used by the Hartree-Fock routines. ----
ENCUTGW	INCAR	Category:INCAR_tag	Description: The tag {{TAG|ENCUTGW}} sets the energy cutoff for the response function. It controls the basis set for the response functions in exactly the same manner as {{TAG|ENCUT}} does for the orbitals.
ENCUTGWSOFT	INCAR	Category:INCAR_tag	E_{\mathrm{c}}({\mathbf{G}})=E_{\mathrm{c}}(\infty)+\frac{A}{{\mathbf{G}}^3}.
ENCUTLR	INCAR	Category:INCAR_tag	Description: Reciprocal space cutoff for the treatment of the long-range contribution.
ENINI	INCAR	Category:INCAR_tag	Description: {{TAG|ENINI}} controls the cutoff during the initial (steepest descent) phase for {{TAG|IALGO}}=48.
ENMIN	POTCAR	Category:POTCAR_tag	Description: {{TAG|ENMIN}} describes the minimum viable plane-wave energy cutoff in eV for the pseudopotential it is read from.
EPSILON	INCAR	Category:INCAR_tag	Description: {{TAG|EPSILON}} sets the dielectric constant of the medium. ---- VASP uses this flag only to scale the calculated monopole and dipole corrections. {{TAG|EPSILON}} defaults to 1, which is the proper value for isolated atoms and molecules. For solids, the screening properties can and shou
ESTOP	INCAR	Category:INCAR_tag	Description: {{TAG|ESTOP}} specifies the stop condition for stochastic MP2.{{cite|Schaefer:JCP2017}}
EVENONLY	INCAR	Category:INCAR_tag	Description: {{TAG|EVENONLY}}=.TRUE. selects a subset of **k**-points for the representation of the Fock exchange potential, with *C*1=*C*2=*C*3=1, and *n*1+*n*2+*n*3 even. ---- One may restrict the sum over **q** in the Fock exchange potential (or one of its short range counterparts) to a subset, {
EVENONLYGW	INCAR	Category:INCAR_tag	Description: {{TAG|EVENONLYGW}} allows to restrict the k-points in the evaluation of response functions (in {{TAG|GW calculations}}) to even values.
EWALD CUTOFF	INCAR	Category:INCAR_tag	Description: {{TAG|EWALD_CUTOFF}} sets the unified cutoff radius for the Ewald summation of the electrostatic interaction. It controls both the number of cells that contribute (in real space) as well as the number of G-vectors that are considered (in reciprocal space). ----
FBIAS A	INCAR	Category:INCAR_tag	Description: Defines the step height for the bias potential in eV. ----
FBIAS D	INCAR	Category:INCAR_tag	Description: Sets the slope of the bias potential. ---- {{TAG|FBIAS_D}} defines the parameter D_{\mu}, which controls the slope of the central part of the Fermi-like step-shaped bias potential of the following form:
FBIAS R0	INCAR	Category:INCAR_tag	Description: Defines the half-step position for the bias potential. ---- {{TAG|FBIAS_R0}} defines the half-step position (\xi_{0\mu}) for the Fermi-like step-shaped bias potential of the following form:
FERDO	INCAR	Category:INCAR_tag	Description: {{TAG|FERDO}} sets the occupancies of the states in the down-spin channel for {{TAG|ISMEAR}}=-2 and {{TAG|ISPIN}}=2. ---- To set the occupancies, specify   {{TAG|FERDO}} = f(1) f(2) f(3) ... f({{TAG|NBANDS}}&times;N**k**) The occupancies must be specified for all bands and k points. The
FERWE	INCAR	Category:INCAR_tag	Description: {{TAG|FERWE}} sets the occupancies of the states for {{TAG|ISMEAR}}=-2. ---- To set the occupancies, specify   {{TAG|FERWE}} = f(1) f(2) f(3) ... f({{TAG|NBANDS}}&times;N**k**) The occupancies must be specified for all bands and k points.  The band index runs fastest.  The occupancies m
FINDIFF	INCAR	Category:INCAR_tag	Description: Defines whether a forward ({{TAG|FINDIFF}}=1) or a central ({{TAG|FINDIFF}}=2) difference formula for the numerical differentiation to compute the curvature along the dimer direction is used in the improved dimer method.
FMP ACTIVE	INCAR	Category:INCAR_tag	Description: Select which atom types in the {{FILE|POSCAR}}-file participate in swapping within the Müller-Plathe method.
FMP DIRECTION	INCAR	Category:INCAR_tag	Description: Index of the lattice vector \mathbf{a}_i along which the temperature gradient is created in the (Müller-Plathe method).
FMP PERIOD	INCAR	Category:INCAR_tag	Description: Number of time steps between two swapping events in the Müller-Plathe method.
FMP SNUMBER	INCAR	Category:INCAR_tag	Description: Number of slabs perpendicular to the temperature gradient in the Müller-Plathe method.
FMP SWAPNUM	INCAR	Category:INCAR_tag	Description: Number of pairs that are exchanged in a single swapping event in the Müller-Plathe method.
FOCKCORR	INCAR	Category:INCAR_tag	Description: The tag {{TAG|FOCKCORR}} determines how the Coulomb convergence corrections are applied.
GAMMA VDW	INCAR	Category:INCAR_tag	Description: Specify \gamma in vdW-DF3-opt1/vdW-DF3-opt2. ----
GGA	INCAR	Category:INCAR_tag	Description: Selects a LDA or GGA exchange-correlation functional. ----  {{NB| important| VASP recalculates the exchange-correlation energy inside the PAW sphere and corrects the atomic energies given by the {{FILE|POTCAR}} file. For this to work, the original LEXCH tag must not be modified in the {
GGA COMPAT	INCAR	Category:INCAR_tag	Description: If set to {{TAG|GGA_COMPAT}} = .*FALSE*., this tag restores the full lattice symmetry for gradient-corrected functionals. ----
HFALPHA	INCAR	Category:INCAR_tag	Description: {{TAG|HFALPHA}} sets the decay constant used in the method of Massida, Posternak, and Baldereschi, which is activated by {{TAG|HFRCUT}}=0. ----
HFLMAX	INCAR	Category:INCAR_tag	Description: To be compatible w.r.t. old releases, VASP also reads the flag {{TAG|HFLMAX}} to the same effect as {{TAG|LMAXFOCK}}.
HFRCUT	INCAR	Category:INCAR_tag	Description: {{TAG|HFRCUT}} specifies how the Coulomb kernel is approximated at G=0 when the Fock energy and the exchange potential are evaluated. ----
HFSCREEN	INCAR	Category:INCAR_tag	Description: {{TAG|HFSCREEN}} (in &Aring;-1) specifies the range-separation parameter in range-separated hybrid functionals. ---- If {{TAG|LHFCALC}}=.TRUE. and {{TAG|GGA}}=PE (PBE functional), attributing a value to {{TAG|HFSCREEN}} will switch from the PBE0 functional to, e.g., the closely related 
HILLS BIN	INCAR	Category:INCAR_tag	Description: {{TAG|HILLS_BIN}} sets the number of steps after which the bias potential is updated in a metadynamics run (in case VASP was compiled with -Dtbdyn). ---- In metadynamics ({{TAG|MDALGO}}=11 {{!}} 21), the bias potential is given as  : \tilde{V}(t,\xi) = h \sum_{i=1}^{\lfloor t/t_G \rfloo
HILLS H	INCAR	Category:INCAR_tag	Description: {{TAG|HILLS_H}} specifies the height of the Gaussian hill (in eV) used in metadynamics (in case VASP was compiled with -Dtbdyn). ---- In metadynamics ({{TAG|MDALGO}}=11 {{!}} 21), the bias potential is given as  : \tilde{V}(t,\xi) = h \sum_{i=1}^{\lfloor t/t_G \rfloor} \exp{\left\{ -\fr
HILLS W	INCAR	Category:INCAR_tag	Description: {{TAG|HILLS_W}} specifies the width of the Gaussian hill (in units of the corresponding collective variable) used in metadynamics (in case VASP was compiled with -Dtbdyn). ---- In metadynamics ({{TAG|MDALGO}}=11 {{!}} 21), the bias potential is given as  : \tilde{V}(t,\xi) = h \sum_{i=1
HITOLER	INCAR	Category:INCAR_tag	Description: {{TAG|HITOLER}} specifies the convergence parameter for the iterative Hirschfeld partitioning in the Tkatchenko-Scheffler method. ----
I CONSTRAINED M	INCAR	Category:INCAR_tag	Description: {{TAG|I_CONSTRAINED_M}} switches on the constrained local moments approach. ---- VASP offers the possibility to add a penalty contribution to the total energy expression (and consequently a penalty functional to the Hamiltonian) that drives the local magnetic moment (integral of the mag
IALGO	INCAR	Category:INCAR_tag	Description: {{TAG|IALGO}} selects the algorithm to optimize the orbitals. ---- {{NB|warning|We suggest selecting the algorithms via {{TAG|ALGO}} instead of {{TAG|IALGO}}. Algorithms other than those available via {{TAG|ALGO}} are subject to instabilities.}}  ## Conjugate gradient algorithms The ban
IALL IN ONE	INCAR	Category:INCAR_tag	Description: {{TAG|IALL_IN_ONE}}>0 enables the all-in-one mode for many-body perturbation theory calculations, i.e.,  {{TAG|ALGO}}=ACFDT[R], [[Practical_guide_to_GW_calculations|[EV]GW0[R]]], GWR.  ---- In the all-in-one mode, VASP automatically performs the necessary DFT steps prior to the many-bod
IBAND	INCAR	Category:INCAR_tag	Description: {{TAG|IBAND}} sets a list of bands that contribute to calculating the partial charge density. ---- {{TAG|IBAND}} selects a subset of bands for which the partial charge density is calculated when {{TAG|LPARD}} = .TRUE.. Partial charge densities are written to the {{FILE|PARCHG}} file, or
IBRION	INCAR	Category:INCAR_tag	Description: determines how the crystal structure changes during the calculation: :::* no update :::** {{TAG|IBRION|-1}} (Avoid setting {{TAG|IBRION|-1}} with {{TAG|NSW|0|op=>}} to prevent recomputing the same structure {{TAG|NSW}} times).
IBSE	INCAR	Category:INCAR_tag	Description: {{TAG|IBSE}} can be used to select the algorithm for solving the Bethe-Salpeter or Casida equation. ---- The following options are available to solve the Bethe-Salpeter or Casida equation: *{{TAG|IBSE}} = 0: Exact diagonalization with old BSE driver *{{TAG|IBSE}} = 1: Time evolution *{{
ICHARG	INCAR	Category:INCAR_tag	Description: {{TAG|ICHARG}} determines how VASP constructs the *initial* charge density. ---- *{{TAG|ICHARG}}=0 :Calculate the charge density from initial wave functions. :If {{TAG|ISTART}} is *internally reset* due to an invalid {{FILE|WAVECAR}} file, {{TAG|ICHARG}} will be set to {{TAG|ICHARG}}=2.
ICHIBARE	INCAR	Category:INCAR_tag	Description: determines the order of the finite difference stencil used to calculate the magnetic susceptibility. ----
ICORELEVEL	INCAR	Category:INCAR_tag	Description: {{TAG|ICORELEVEL}} controls whether the core energies are explicitly calculated or not and how they are calculated.
IDIPOL	INCAR	Category:INCAR_tag	Description: {{TAG|IDIPOL}} switches on monopole/dipole and quadrupole corrections to the total energy in a specific direction (1-3) or all directions (4). If the system is charged, monopole corrections are also calculated. ---- ## IDIPOL = 1-3 The dipole moment will be calculated only parallel to t
IEPSILON	INCAR	Category:INCAR_tag	Description: {{TAG|IEPSILON}} determines along which Cartesian direction the E field is applied.
IFC ASR	INCAR	Category:INCAR_tag	Description: If positive, enforces the acoustic sum rule on the interatomic force constants during an electron-phonon calculation.
IFC LR	INCAR	Category:INCAR_tag	Description: Controls the treatment of the long-range part of the interatomic force constants during electron-phonon calculations.
IGPAR	INCAR	Category:INCAR_tag	Description: This tag specifies the socalled parallel or \mathbf{G}_{\parallel} direction in the integration over the reciprocal space unit cell needed for {{TAG|LCALCPOL}}.
IMAGE 1	INCAR	Category:INCAR_tag	Description: Group {{FILE|INCAR}} settings for calculations using {{TAG|IMAGES}}.  ---- {{TAG|IMAGE_1}} defines the {{FILE|INCAR}} settings used for a calculation in an image calculation, e.g., 01 for nudged elastic band calculations, parallel tempering, and thermodynamic integration, cf. {{TAG|IMAG
IMAGES	INCAR	Category:INCAR_tag	Description: Defines the number of VASP calculations in separate directories, (e.g., 01, 02, 03, etc.) for nudged elastic band calculations, parallel tempering, and thermodynamic integration. ----
IMIX	INCAR	Category:INCAR_tag	Description: {{TAG|IMIX}} specifies the type of density mixing. ---- ## {{TAG|IMIX}}=0: No mixing ::\rho_{\rm mix}=\rho_{\rm out}\, ## {{TAG|IMIX}}=1: Kerker mixing :For Kerker mixing, the mixed density is given by ::\rho_{\rm mix}\left(G\right)=\rho_{\rm in}\left(G\right)+A \frac{G^2}{G^2+B^2}\Bigl
INCREM	INCAR	Category:INCAR_tag	Description: {{TAG|INCREM}} controls the transformation velocity in the slow-growth approach (in case VASP was compiled with -Dtbdyn). ---- In slow-growth simulations ({{TAG|MDALGO}}=1 {{!}} 2), the value of each controlled geometric parameter with STATUS=0 is increased by {{TAG|INCREM}} in every si
INIMIX	INCAR	Category:INCAR_tag	Description: Determines the functional form of the initial mixing matrix in the Broyden scheme ({{TAG|IMIX}}=4). ---- The initial mixing matrix might influence the convergence speed for complex situations (especially surfaces and magnetic systems), nevertheless {{TAG|INIMIX}} must not be changed fro
INIWAV	INCAR	Category:INCAR_tag	Description: Specifies how to set up the initial orbitals in case {{TAG|ISTART|0}}. ---- *{{TAG|INIWAV|0}} :Take 'jellium orbitals', i.e., fill the Kohn-Sham&ndash;orbital arrays with plane waves of lowest kinetic energy = lowest eigenvectors for a constant potential ('jellium').  {{NB|important| 'j
INMRPRINT	INCAR	Category:INCAR_tag	Description: Determines the verbosity of the NMR output.
INTERACTIVE	INCAR	Category:INCAR_tag	Description: {{TAG|INTERACTIVE}} enables an interactive mode in which a series of structures is piped into VASP via stdin. ---- {{TAG|INTERACTIVE|.TRUE.}} enables the interactive mode. The interactive mode ({{TAG|IBRION|11}}) is executed by inputting a series of structures into the VASP executable, 
IPEAD	INCAR	Category:INCAR_tag	Description: {{TAG|IPEAD}} specifies the order of the finite difference stencil used to compute the derivative of the cell-periodic part of the orbitals w.r.t. **k**, |&nabla;**k**un**k**&rang; ({{TAG|LPEAD}}=.TRUE.), and the derivative of the polarization w.r.t. the orbitals, &delta;**P**/&delta;&l
IRC DELTA0	INCAR	Category:INCAR_tag	Description: Defines the tolerance factor \Delta_0 in  &Aring; used in the {{TAG|IRC calculations}}.
IRC DIRECTION	INCAR	Category:INCAR_tag	Description: Defines the direction of the initial displacement of the initial transition-state structure in IRC calculations.
IRC MAXSTEP	INCAR	Category:INCAR_tag	Description: Upper limit for the step size (in fs).
IRC MINSTEP	INCAR	Category:INCAR_tag	Description: Lower limit for the step size (in fs).
IRC STOP	INCAR	Category:INCAR_tag	Description: Sets the number of steps in which the energy must monotonously increase before an IRC calculation terminates.
IRC VNORM0	INCAR	Category:INCAR_tag	Description: The constant velocity vector (in &Aring;/fs) in an IRC calculation.
ISEARCH	INCAR	Category:INCAR_tag	Description: Controls the line-search algorithm used during the direct minimization of the electronic structure ({{TAG|ALGO|All}}). ---- *{{TAG|ISEARCH|0}}: Legacy line-search algorithm. *{{TAG|ISEARCH|1}}: Improved line-search algorithm.
ISIF	INCAR	Category:INCAR_tag	For {{TAG|ISIF}}\ge2, the stress tensor is calculated. It is defined as the negative of the derivative of the energy   E  with respect to the strain tensor \eta_{ji}:
ISMEAR	INCAR	Category:INCAR_tag	Description: {{TAG|ISMEAR}} determines how the partial occupancies *f*n**k** are set for each orbital. {{TAG|SIGMA}} determines the width of the smearing in eV. ----
ISPIN	INCAR	Category:INCAR_tag	Description: {{TAG|ISPIN}} specifies whether a calculation is performed with or without spin polarization. ---- In spin-polarized calculations, VASP treats spin-up and spin-down electrons separately, allowing each spin channel to develop a different charge density and occupation. This is essential f
ISTART	INCAR	Category:INCAR_tag	Description: {{TAG|ISTART}} determines whether or not to read the {{FILE|WAVECAR}} file. ---- *{{TAG|ISTART}}=0 :Start job: "begin from scratch". Initialize the orbitals according to the flag {{TAG|INIWAV}}. *{{TAG|ISTART}}=1 :Continuation job: "restart with constant energy cut-off". Orbitals are re
ISYM	INCAR	Category:INCAR_tag	Description: {{TAG|ISYM}} determines the way VASP treats symmetry. ---- {{TAG|ISYM}}=1 {{!}} 2 {{!}} 3, switches on the use of symmetry. For {{TAG|ISYM}}=-1 {{!}} 0, the use of symmetry is switched off.
IVDW	INCAR	Category:INCAR_tag	Description: {{TAG|IVDW}} specifies a vdW dispersion term of the atom-pairwise or many-body type. ----
IVDW NL	INCAR	Category:INCAR_tag	Description: {{TAG|IVDW_NL}} allows to select the kernel of the nonlocal van der Waals part of a functional (available as of VASP.6.4.0). ----
IWAVPR	INCAR	Category:INCAR_tag	Description: {{TAG|IWAVPR}} determines how orbitals and/or charge densities are extrapolated from one ionic configuration to the next configuration.
K MULTIPLY	INCAR	Category:INCAR_tag	Description: {{TAG|K_MULTIPLY}} sets the per-direction k-point grid multiplier for downsampling from a denser {{FILE|WAVECAR}} ----
KBLOCK	INCAR	Category:INCAR_tag	Description: After {{TAG|KBLOCK}} * {{TAG|NBLOCK}} ionic steps the averaged pair-correlation function and DOS are written to the files {{FILE|PCDAT}}  and {{FILE|DOSCAR}}. More details can be found on the page describing the tag {{TAG|NBLOCK}}. ---- ## Related tags and articles {{TAG|NBLOCK}}, {{FIL
KERNEL TRUNCATION/FACTOR	INCAR	Category:INCAR_tag	**Description:**   Determines the spatial extent of the truncated Coulomb interaction relative to the computational cell dimension along the truncation direction.
KERNEL TRUNCATION/IDIMENSIONALITY	INCAR	Category:INCAR_tag	Description: Specifies the boundary condition used to compute the hartree and ionic potential.  ----
KERNEL TRUNCATION/IPAD	INCAR	Category:INCAR_tag	**Description:**   {{TAG|KERNEL_TRUNCATION/IPAD}} controls the padding strategy used for the Coulomb kernel truncation in reciprocal space. Padding defines how much additional empty space is introduced around the charge density before applying truncation.{{cite|vijay:prb:2025}} This affects both the
KERNEL TRUNCATION/ISURFACE	INCAR	Category:INCAR_tag	Description: Specifies the non-periodic dimension when performing calculations with the Coulomb-kernel-truncation method for 2D materials. ----
KERNEL TRUNCATION/LCOARSEN	INCAR	Category:INCAR_tag	Description: Coarsen the charge density before padding to speed up the computation of the local potential in the Coulomb-kernel-truncation method. ---- The Coulomb-kernel-truncation method ({{TAG|KERNEL_TRUNCATION/LTRUNCATE}}) modifies the electrostatic potential to remove spurious interactions betw
KERNEL TRUNCATION/LTRUNCATE	INCAR	Category:INCAR_tag	Description: Truncates the Coulomb kernel to remove electrostatic interactions along non-periodic dimensions. ---- Setting {{TAG|KERNEL_TRUNCATION/LTRUNCATE}} = T  switches on the Coulomb-kernel-truncation method{{cite|vijay:prb:2025}}{{cite|rozzi:prb:2006}}{{cite|sohier:prb:2017}}. It effectively r
KGAMMA	INCAR	Category:INCAR_tag	Description: Whether the automatically generated **k**-point mesh is centered at the \Gamma point.
KPAR	INCAR	Category:INCAR_tag	Description: {{TAG|KPAR}} determines the number of **k**-points that are to be treated in parallel (available as of VASP.5.3.2). Also, {{TAG|KPAR}} is used as parallelization tag for Laplace transformed MP2 calculations.
KPOINT BSE	INCAR	Category:INCAR_tag	Description: {{TAG|KPOINT_BSE}}  specifies the k-point index at which VASP calculates the dielectric matrix. ---- In the simplest form, one can specify
KPOINTS OPT MODE	INCAR	Category:INCAR_tag	Description: Selects which diagonalization algorithm to use for the optional k-points driver
KPOINTS OPT NKBATCH	INCAR	Category:INCAR_tag	Default: {{TAGDEF|KPOINTS_OPT_NKBATCH|Number of k-points in the irreducible Brillouin zone of the self-consistent calculation.}}
KPUSE	INCAR	Category:INCAR_tag	Description: {{TAG|KPUSE}} sets a list of **k** points that contribute to calculating the partial charge density. ---- {{TAG|IBAND}} selects a subset of *k*' points for which the partial charge density is calculated when {{TAG|LPARD}} = .TRUE.. Partial charge densities are written to the {{FILE|PARC
KSPACING	INCAR	Category:INCAR_tag	Description: Spacing between **k** points in automatically generated mesh if the {{FILE|KPOINTS}} file is not present.
KSPACING OPT	INCAR	Category:INCAR_tag	Description: Spacing between **k** points in the automatically generated mesh for the {{TAG|KPOINTS_OPT}} driver if the {{FILE|KPOINTS_OPT}} file is not present.
LADDER	INCAR	Category:INCAR_tag	Description: Controls whether the ladder diagrams are included in the {{TAG|BSE}} calculation. Note that the default for {{TAG|LRPA}} and therefore LADDER is somewhat convoluted; so better to always double-check the {{TAG|OUTCAR}} file whether VASP behaves as expected. Generally, VASP will select la
LAECHG	INCAR	Category:INCAR_tag	Description: when {{TAG|LAECHG}}=.TRUE. the *all-electron* charge density will be reconstructed explicitly and written to files. ---- If {{TAG|LAECHG}}=.TRUE. is set VASP will reconstruct the *all-electron* charge density on the so-called "fine" FFT-grid. This "fine" FFT-grid consists of {{TAG|NGXF}
LALL IN ONE	INCAR	Category:INCAR_tag	Description: {{TAG|LALL_IN_ONE}}=.TRUE. enables the all-in-one mode for many-body perturbation theory calculations, i.e.,  {{TAG|ALGO}}=ACFDT[R], [[Practical_guide_to_GW_calculations|[EV]GW0[R]]], GWR.
LAMBDA	INCAR	Category:INCAR_tag	Description: {{TAG|LAMBDA}} sets the weight with which the penalty terms of the constrained local moment approach enter into the total energy expression and the Hamiltonian. ---- See the explanation given in the description of the {{TAG|I_CONSTRAINED_M}} tag.
LANCZOSTHR	INCAR	Category:INCAR_tag	Description: {{TAG|LANCZOSTHR}} is used by the BSE Lanczos algorithm to stop the iterative procedure, once the dielectric function has reached numerical convergence.
LANGEVIN GAMMA	INCAR	Category:INCAR_tag	Description: {{TAG|LANGEVIN_GAMMA}} specifies the friction coefficients (in ps-1) for atomic degrees-of-freedom when using a Langevin thermostat (in case VASP was compiled with -Dtbdyn). ---- When using a Langevin thermostat{{Cite|allen:book:1991}} ({{TAG|MDALGO}}=3), the friction coefficients &gamm
LANGEVIN GAMMA L	INCAR	Category:INCAR_tag	Description: {{TAG|LANGEVIN_GAMMA_L}} specifies the friction coefficient (in ps-1) for lattice degrees-of-freedom in case of Parrinello-Rahman dynamics (in case VASP was compiled with -Dtbdyn). ---- When running *NpT* simulations with a Langevin thermostat{{Cite|allen:book:1991}} ({{TAG|MDALGO}}=3),
LASPH	INCAR	Category:INCAR_tag	Description: include non-spherical contributions related to the gradient of the density in the PAW spheres. ---- Usually VASP calculates only the spherical contribution to the gradient corrections inside the PAW spheres (non-spherical contributions for the LDA part of the potential and the Hartree p
LASYNC	INCAR	Category:INCAR_tag	Description: Controls the overlap in communication.  ---- If {{TAG|LASYNC}}=*.TRUE.* is set in the INCAR file, VASP will try to overlap communication with calculations. This might improve performance or degrade it depending on the MPI library and hardware you are running on. Please do your own testi
LATTICE CONSTRAINTS	INCAR	Category:INCAR_tag	Description: Sets three boolean to selectively allow changes in the lattice vectors. ---- The lattice vectors \mathbf{a}_{1}, \mathbf{a}_{2}, \mathbf{a}_{3} defined in the {{FILE|POSCAR}} file can be represented by following matrix:
LBERRY	INCAR	Category:INCAR_tag	Description: This tag is used in the the evaluation of the Berry phase expression for the electronic polarization of an insulating system.
LBLUEOUT	INCAR	Category:INCAR_tag	Description: for {{TAG|LBLUEOUT}}=.TRUE., VASP writes output for the free-energy gradient calculation to the {{FILE|REPORT}} file (in case VASP was compiled with -Dtbdyn). ---- If LBLUEOUT=.TRUE., the information needed to compute the free-energy gradient is written in the {{FILE|REPORT}} file after
LBONE	INCAR	Category:INCAR_tag	Description: {{TAG|LBONE}} adds the small *B*-component to the chemical shift tensor. ---- {{TAG|LBONE}} restores the small *B*-component of the wave function inside the PAW spheres in the linear-response calculation of the NMR chemical shift tensor. The POTCARs used in VASP are scalar-relativistic 
LCALCEPS	INCAR	Category:INCAR_tag	Description: for {{TAG|LCALCEPS}}=.TRUE. the macroscopic ion-clamped static dielectric tensor, Born effective charge tensors, and the ion-clamped piezoelectric tensor of the system are determined from the response to finite electric fields. ---- For {{TAG|LCALCEPS}}=.TRUE., VASP calculates the ion-c
LCALCPOL	INCAR	Category:INCAR_tag	Description: {{TAG|LCALCPOL}}=.TRUE.  switches on the evaluation of the Berry phase expressions for the macroscopic electronic polarization in accordance with the so-called Modern Theory of Polarization. ---- For {{TAG|LCALCPOL}}=.TRUE., VASP calculates the electronic contribution to the polarizatio
LCHARG	INCAR	Category:INCAR_tag	Description: Determines whether the charge density is written. -----
LCHARGH5	INCAR	Category:INCAR_tag	Description: Determines whether the charge densities are written to {{FILE|vaspwave.h5}}. ----
LCHIMAG	INCAR	Category:INCAR_tag	Description: Calculate the chemical shifts and magnetic susceptibility within linear response theory. ---- For {{TAG|LCHIMAG|True}}, the chemical shift tensors and magnetic susceptibility is computed. The implementation{{Cite|dewijs:laskowski:jcp:2017}} is based on linear response theory using the g
LCORR	INCAR	Category:INCAR_tag	Description: Controls whether Harris corrections are calculated or not. ----
LDAU	INCAR	Category:INCAR_tag	Description: {{TAG|LDAU}}=.TRUE. switches on DFT+U. ----
LDAUJ	INCAR	Category:INCAR_tag	Description: Sets the effective on-site exchange interactions (eV). ---- {{TAG|LDAUJ}} specifies the strength of the effective on-site exchange interactions in eV. It must hold one value for each atomic species. {{NB|warning|The total energy will depend on the parameters U ({{TAG|LDAUU}}) and J ({{T
LDAUL	INCAR	Category:INCAR_tag	Description: {{TAG|LDAUL}} specifies the l-quantum number for which the on-site interaction is added. ---- For {{TAG|LDAUL}}=-1 no on-site interaction is added.
LDAUPRINT	INCAR	Category:INCAR_tag	Description: {{TAG|LDAUPRINT}} controls the verbosity of a DFT+U calculation. ---- *{{TAG|LDAUPRINT}}=0: No onsite occupancy matrix is written to the {{FILE|OUTCAR}} file. *{{TAG|LDAUPRINT}}=1: The spin up and spin down onsite occupancy matrices of the atoms types to which a U is applied are written
LDAUTYPE	INCAR	Category:INCAR_tag	Description: {{TAG|LDAUTYPE}} specifies the DFT+U variant that will be used. ---- The following variants of the DFT+U are available:
LDAUU	INCAR	Category:INCAR_tag	Description: Sets the effective on-site Coulomb interactions (eV). ---- {{TAG|LDAUU}} specifies the strength of the effective on-site Coulomb interactions in eV. It must hold one value for each atomic species. {{NB|warning|The total energy will depend on the parameters U ({{TAG|LDAUU}}) and J ({{TAG
LDIAG	INCAR	Category:INCAR_tag	Description: Determines whether a subspace diagonalization is performed within the algorithm selected by {{TAG|ALGO}} or {{TAG|IALGO}}. ---- For {{TAG|ALGO}} = Normal, Fast, and VeryFast, VASP performs a diagonalization in the subspace spanned by all orbitals. This is often referred to as the Raylei
LDIPOL	INCAR	Category:INCAR_tag	Description: {{TAG|LDIPOL}} switches on corrections to the potential and forces. Can be applied for charged molecules and slabs or any system possessing a net dipole moment. ----
LDISENTANGLED	INCAR	Category:INCAR_tag	Description: Selects the disentanglement-cRPA method. ---- Selects the cRPA method of Miyake, Aryasetiawan, and Imada{{cite|miyake:prb:80}}. Following screening is subtracted from the full RPA polarizability: ::\tilde  \chi^\sigma_{{\bf G,G}'}({\bf q},i\omega)= \frac 1{N_k}\sum_{\bf k}\sum_{nn'\in{\
LDMATRIX	INCAR	Category:INCAR_tag	Description: Computes the zero-field splitting (ZFS) matrix.   ----
LDOWNSAMPLE	INCAR	Category:INCAR_tag	Description: {{TAG|LDOWNSAMPLE}} selects a sub-grid of k-points defined in {{FILE|KPOINTS}} from {{FILE|WAVECAR}} ----
LEFG	INCAR	Category:INCAR_tag	Description: The {{TAG|LEFG}} computes the electric field gradient (EFG) at positions of the atomic nuclei. ---- For {{TAG|LEFG}}=.TRUE., the electric field gradient tensors at the positions of the atomic nuclei are calculated using the method of Petrilli *et al.* {{Cite|petrilli:prb:1998}}.
LELF	INCAR	Category:INCAR_tag	Description: {{TAG|LELF}} determines whether to create an {{FILE|ELFCAR}} file or not. ---- This file contains the so-called ELF (electron localization function)
LEPSILON	INCAR	Category:INCAR_tag	Description: {{TAG|LEPSILON}}=.TRUE. determines the static dielectric matrix, ion-clamped piezoelectric tensor, and the Born effective charges using density functional perturbation theory. ---- Determines the static ion-clamped dielectric matrix using  density functional perturbation theory (DFPT). 
LEXCH	POTCAR	Category:POTCAR_tag	Definition: Set the default exchange-correlation functional. ----- The functional specified by {{TAG|LEXCH}} was used as a reference when the PAW potential was created. The transferability of PAW potentials to other exchange-correlation functionals is quite good. So, the functional used during the c
LFINITE TEMPERATURE	INCAR	Category:INCAR_tag	Description: {{TAG|LFINITE_TEMPERATURE}} switches on the finite-temperature formalism of many-body perturbation theory for adiabatic-connection-fluctuation-dissipation-theorem (ACFDT)/GW calculations. ---- This feature is available as of VASP.6.1.0 for ACFDT/random-phase-approximation (RPA), i.e., {
LFOCKACE	INCAR	Category:INCAR_tag	Description: {{TAG|LFOCKACE}} determines whether the Adaptively Compressed Exchange Operator is used.{{cite|linlin:jctc:2016}}
LFOCKAEDFT	INCAR	Category:INCAR_tag	Description: Use the same charge augmentation for the Hartree and DFT exchange-correlation part as is used in the Fock exchange and the many-body methods beyond DFT, such as RPA and MP2. ---- {{TAG|LFOCKAEDFT}} should be set only in exceptional cases. The Hartree as well as the DFT part are usually 
LFOCKSTD	INCAR	Category:INCAR_tag	Description: Evaluate the exact exchange in RPA and GW calculations fully consistent with the standard treatment in HF calculations. ----
LFXC	INCAR	Category:INCAR_tag	Description: {{TAG|LFXC}} enables the (semi-)local exchange-correlation kernel in Casida and time-evolution TDDFT calculations. ---- In linear-response TDDFT, the density-density response function \chi obeys the Dyson equation :: \chi(\mathbf r, \mathbf r'; \omega) = \chi_\mathrm{KS}(\mathbf r, \mat
LH5	INCAR	Category:INCAR_tag	Description: {{TAG|LH5}} determines whether the output is written to the legacy files ({{FILE|CHGCAR}}, {{FILE|CHG}}, {{FILE|WAVECAR}}) or the {{FILE|vaspwave.h5}} file. Hence, setting {{TAG|LH5}}=.TRUE. will suppress legacy file output all together. Whether or not the charge density or wave functio
LHARTREE	INCAR	Category:INCAR_tag	Description: Controls whether the bubble diagrams are included in the {{TAG|BSE}} calculation.
LHFCALC	INCAR	Category:INCAR_tag	Description: {{TAG|LHFCALC}} specifies whether a Hartree-Fock/DFT hybrid functional type calculation is performed. ---- If one does not specifically request a particular hybrid functional (see {{TAG|AEXX}}, {{TAG|ALDAX}}, {{TAG|ALDAC}}, {{TAG|AGGAX}}, {{TAG|AGGAC}}, {{TAG|AMGGAX}}, {{TAG|AMGGAC}}, a
LHYPERFINE	INCAR	Category:INCAR_tag	Description: compute the hyperfine tensors at the atomic sites (available as of vasp.5.3.2). ---- To have VASP compute the hyperfine tensors at the atomic sites, set
LIBMBD ALPHA	INCAR	Category:INCAR_tag	Description: {{TAG|LIBMBD_ALPHA}} defines the free-atom polarizabilities \alpha_{0} (bohr^{3}) used in the Tkatchenko-Scheffler and Many-body dispersion energy methods as implemented in the library libMBD of many-body dispersion methods{{cite|libmbd_1}}{{cite|libmbd_2}}{{cite|hermann:jcp:2023}}. ---
LIBMBD C6AU	INCAR	Category:INCAR_tag	Description: {{TAG|LIBMBD_C6AU}} defines the free-atom C_6 parameters (\mathrm{Hartree} \mathrm{bohr}^{6}) used in the Tkatchenko-Scheffler and Many-body dispersion energy methods as implemented in the library libMBD of many-body dispersion methods{{cite|libmbd_1}}{{cite|libmbd_2}}{{cite|hermann:jcp
LIBMBD K GRID	INCAR	Category:INCAR_tag	Description: {{TAG|LIBMBD_K_GRID}} sets the k-mesh of the collective oscillations defined in the methods available in the library libMBD of many-body dispersion methods{{cite|libmbd_1}}{{cite|libmbd_2}}{{cite|hermann:jcp:2023}}. ---- {{TAG|LIBMBD_K_GRID}} allows to choose the k-mesh of the collectiv
LIBMBD K GRID SHIFT	INCAR	Category:INCAR_tag	Description: {{TAG|LIBMBD_K_GRID_SHIFT}} sets the shift for the k-mesh of the collective oscillations defined in the methods available in the library libMBD of many-body dispersion methods{{cite|libmbd_1}}{{cite|libmbd_2}}{{cite|hermann:jcp:2023}}. ---- {{TAG|LIBMBD_K_GRID_SHIFT}} allows to choose a
LIBMBD MBD A	INCAR	Category:INCAR_tag	Description: {{TAG|LIBMBD_MBD_A}} sets the value of the damping parameter a in the many-body methods as implemented in the library libMBD of many-body dispersion methods{{cite|libmbd_1}}{{cite|libmbd_2}}{{cite|hermann:jcp:2023}}. ---- {{TAG|LIBMBD_MBD_A}} allows to choose the value of the damping pa
LIBMBD MBD BETA	INCAR	Category:INCAR_tag	Description: {{TAG|LIBMBD_MBD_BETA}} sets the value of the scaling factor \beta (usually denoted s_R) in the many-body methods as implemented in the library libMBD of many-body dispersion methods{{cite|libmbd_1}}{{cite|libmbd_2}}{{cite|hermann:jcp:2023}}. ---- {{TAG|LIBMBD_MBD_BETA}} allows to choos
LIBMBD METHOD	INCAR	Category:INCAR_tag	Description: {{TAG|LIBMBD_METHOD}} selects one of the methods available in the library libMBD of many-body dispersion methods{{cite|libmbd_1}}{{cite|libmbd_2}}{{cite|hermann:jcp:2023}}. Only used when {{TAG|IVDW|14}}. ---- {{TAG|LIBMBD_METHOD}} can be set to a label (string) corresponding to one of 
LIBMBD N OMEGA GRID	INCAR	Category:INCAR_tag	Description: {{TAG|LIBMBD_N_OMEGA_GRID}} sets the number of points on the grid of imaginary frequencies used in the library libMBD of many-body dispersion methods{{cite|libmbd_1}}{{cite|libmbd_2}}{{cite|hermann:jcp:2023}}. ---- {{TAG|LIBMBD_N_OMEGA_GRID}} allows to choose the number of points on the
LIBMBD PARALLEL MODE	INCAR	Category:INCAR_tag	Default: {{TAG|LIBMBD_PARALLEL_MODE}}=auto (default in libMBD)
LIBMBD R0AU	INCAR	Category:INCAR_tag	Description: {{TAG|LIBMBD_R0AU}} defines the free-atom R_0 parameters (bohr) used in the Tkatchenko-Scheffler and Many-body dispersion energy methods as implemented in the library libMBD of many-body dispersion methods{{cite|libmbd_1}}{{cite|libmbd_2}}{{cite|hermann:jcp:2023}}. ---- {{TAG|LIBMBD_R0A
LIBMBD TS D	INCAR	Category:INCAR_tag	Description: {{TAG|LIBMBD_TS_D}} sets the value of the damping parameter d in the Tkatchenko-Scheffler method{{cite|tkatchenko:prl:09}} as implemented in the library libMBD of many-body dispersion methods{{cite|libmbd_1}}{{cite|libmbd_2}}{{cite|hermann:jcp:2023}}. ---- {{TAG|LIBMBD_TS_D}} allows to 
LIBMBD TS SR	INCAR	Category:INCAR_tag	Description: {{TAG|LIBMBD_TS_SR}} sets the value of the scaling factor s_R in the Tkatchenko-Scheffler method{{cite|tkatchenko:prl:09}} as implemented in the library libMBD of many-body dispersion methods{{cite|libmbd_1}}{{cite|libmbd_2}}{{cite|hermann:jcp:2023}}. ---- {{TAG|LIBMBD_TS_SR}} allows to
LIBMBD VDW PARAMS KIND	INCAR	Category:INCAR_tag	Default: {{TAG|LIBMBD_VDW_PARAMS_KIND}}=ts (default in libMBD)
LIBMBD XC	INCAR	Category:INCAR_tag	Default: The functional set by the {{TAG|GGA}}, {{TAG|METAGGA}} or {{TAG|XC}} tag
LIBXC1	INCAR	Category:INCAR_tag	Description: {{TAG|LIBXC1}} specifies the exchange or exchange-correlation functional from the library of exchange-correlation functionals Libxc{{cite|marques:cpc:2012}}{{cite|lehtola:sx:2018}}{{cite|tran:arxiv:2026}}{{cite|libxc}}. ----
LIBXC1 Pn	INCAR	Category:INCAR_tag	Description: {{TAG|LIBXC1_Pn}}, where n=1, 2, \ldots allows to specify the values of the parameters of the functional implemented in Libxc that is called with {{TAG|LIBXC1}}. ----
LIBXC2	INCAR	Category:INCAR_tag	Description: {{TAG|LIBXC2}} specifies the correlation functional from the library of exchange-correlation functionals Libxc{{cite|marques:cpc:2012}}{{cite|lehtola:sx:2018}}{{cite|tran:arxiv:2026}}{{cite|libxc}}. {{TAG|LIBXC2}} can be used only if the functional specified with {{TAG|LIBXC1}} correspo
LIBXC2 Pn	INCAR	Category:INCAR_tag	Description: {{TAG|LIBXC2_Pn}}, where n=1, 2, \ldots allows to specify the values of the parameters of the functional implemented in Libxc that is called with {{TAG|LIBXC2}}. ----
LKPOINTS OPT	INCAR	Category:INCAR_tag	Description: Enable reading the {{FILE|KPOINTS_OPT}} file.
LKPOINTS WAN	INCAR	Category:INCAR_tag	Description: {{TAG| LKPOINTS_WAN}} controlls whether VASP reads the {{FILE|KPOINTS_WAN}} file. ----
LKPROJ	INCAR	Category:INCAR_tag	Description: switches on the **k**-point projection scheme. ---- For {{TAG|LKPROJ}}=.TRUE., VASP will project the orbitals onto the reciprocal space of an alternative unit cell. This unit cell has to be supplied in the file {{FILE|POSCAR.prim}}, in the usual {{FILE|POSCAR}} format.
LLRAUG	INCAR	Category:INCAR_tag	Description: {{TAG|LLRAUG}} calculates the two-center contributions to the chemical shift tensor. ---- {{TAG|LLRAUG}} switches on two-center contributions to the NMR chemical shift tensor. These are contributions due to the augmentation currents in other PAW spheres than the sphere with the atom for
LMAXFOCK	INCAR	Category:INCAR_tag	Description: {{TAG|LMAXFOCK}} sets the maximum angular momentum quantum number *L* for the augmentation of charge densities in Hartree-Fock type routines. ---- In the PAW method, the difference between the charge density of the all-electron partial waves \phi_\beta and the pseudo partial waves \tild
LMAXFOCKAE	INCAR	Category:INCAR_tag	Description: Sets the maximum angular momentum quantum number L up to which the all-electron charge density is restored on the plane-wave grid by shape restoration. ---- Shape restoration adds radial functions with vanishing multipole moment to the PAW compensation charge, so that the *shape* of the
LMAXMIX	INCAR	Category:INCAR_tag	Description: {{TAG|LMAXMIX}} controls up to which *l*-quantum number the one-center PAW charge densities are passed through the charge density mixer and written to the {{FILE|CHGCAR}} file. ---- Higher *l*-quantum numbers (*l*>{{TAG|LMAXMIX}}) are not handled by the density mixer (these components o
LMAXPAW	INCAR	Category:INCAR_tag	Description: The maximum *l*-quantum number for the evaluation of the one-center terms on the radial grids in the PAW method.  ---- Useful settings for LMAXPAW are for instance:
LMAXTAU	INCAR	Category:INCAR_tag	Description: {{TAG|LMAXTAU}} is the maximum *l*-quantum number included in the PAW one-center expansion of the kinetic energy density. ---- The PAW one-center expansion of the density has component up to and including *L*=2**l*max, where *l*max is the *l*-quantum number of the partial waves on the {
LMIXTAU	INCAR	Category:INCAR_tag	Description: send the kinetic-energy density through the density mixer as well. ---- In many cases, the density-mixing scheme works well enough without passing the kinetic-energy density through the mixer. Therefore VASP uses {{TAG|LMIXTAU}}=.FALSE. per default. However, when the self-consistency cy
LMODELHF	INCAR	Category:INCAR_tag	Description: {{TAG|LMODELHF}} selects dielectric-dependent range-separated hybrid functionals with {{TAG|AEXX}} and {{TAG|BEXX}} for the exact Hartree-Fock exchange at long- and short-range, respectively. ---- By setting {{TAG|LMODELHF}}=.TRUE. various types of range-separated hybrid functionals usi
LMONO	INCAR	Category:INCAR_tag	Description: {{TAG|LMONO}} switches on monopole-monopole corrections for the total energy. ---- The flag switches on monopole corrections for charged systems, and monopole corrections only. The correction is calculated only a posteriori for the total energy.  Corrections related to dipole-dipole int
LMP2LT	INCAR	Category:INCAR_tag	Description: {{TAG|LMP2LT}} selects a Laplace transformed MP2 algorithm. ----
LNABLA	INCAR	Category:INCAR_tag	Description: {{TAG|LNABLA}}=.TRUE. evaluates the transversal expression for the frequency dependent dielectric matrix. ---- Usually VASP uses the longitudinal expression for the frequency dependent dielectric matrix. It is however possible to switch to the computationally somewhat simpler transversa
LNICSALL	INCAR	Category:INCAR_tag	Description: {{TAG|LNICSALL}}=.TRUE. calculates the NICS at the positions on the fine FFT grid {{TAG|NGXF}} x {{TAG|NGYF}} x {{TAG|NGZF}}.
LNMR SYM RED	INCAR	Category:INCAR_tag	Description: discard symmetry operations that are not consistent with the way *k*-space derivatives are calculated in the linear-response calculations of chemical shifts. ----
LNMRCAR	INCAR	Category:INCAR_tag	Description: Write the {{FILE|NMRCAR.magres}} file for EFG calculations and chemical shielding calculations. ----
LNMRLEG	INCAR	Category:INCAR_tag	Description: {{TAG|LNMRLEG}} controls whether VASP prints NMR properties to {{FILE|OUTCAR}} according to the old format (pre-version 6.6.0). ----
LNMRSHIELD	INCAR	Category:INCAR_tag	Description: {{TAG|LNMRSHIELD}} controls whether the shielding or shift is printed.
LNOAUGXC	INCAR	Category:INCAR_tag	Description: {{TAG|LNOAUGXC}} specifies if a {{TAG|METAGGA}} functional is evaluated with a density that is augmented or not. ---- {{NB|deprecated|The {{TAG|LNOAUGXC}} tag is obsolete and should not be used.}}
LNONCOLLINEAR	INCAR	Category:INCAR_tag	Description: Switch on noncollinear magnetic calculations. ----
LOCPROJ	INCAR	Category:INCAR_tag	Description: The {{TAG|LOCPROJ}} tag specifies local functions on which the orbitals are projected. These projections are written to the {{FILE|PROJCAR}} file, LOCPROJ file, and {{FILE|vasprun.xml}} file. ----
LOPTICS	INCAR	Category:INCAR_tag	Description: {{TAG|LOPTICS}}=.TRUE. calculates the frequency dependent dielectric matrix after the electronic ground state has been determined. ---- The imaginary part is determined by a summation over empty states using the equation:
LORBIT	INCAR	Category:INCAR_tag	Description: Selects a projection method onto local quantum numbers (lm) and writes {{FILE|PROCAR}}/{{FILE|PROOUT}} file. ----
LORBMOM	INCAR	Category:INCAR_tag	Description: Specifies whether the orbital moments are written out. Only applicable in a calculation using {{TAGDEF|LSORBIT|True}}. ---- If {{TAG|LORBMOM}}=.TRUE. is set, VASP will use the projectors of the PAW potentials to calculate the orbital angular moment within the PAW spheres, and write them
LPARD	INCAR	Category:INCAR_tag	Description: Determines whether partial (band and/or **k**-point-decomposed) charge densities are evaluated.  ---- An {{TAG|LPARD}} run is a postprocessing step that requires a pre-converged calculation. It writes the partial density, or multiple partial charge densities, to one {{FILE|PARCHG}} file
LPARDH5	INCAR	Category:INCAR_tag	Description: {{TAG|LPARDH5}} determines whether the partial charges are written to {{FILE|PARCHG}} or {{FILE|vaspout.h5}}.
LPEAD	INCAR	Category:INCAR_tag	Description: for {{TAG|LPEAD}}=.TRUE., the derivative of the cell-periodic part of the orbitals w.r.t. **k**, |&nabla;**k**un**k**&rang;, is calculated using finite differences ("perturbation expansion after discretization" (PEAD)). ---- The derivative of the cell-periodic part of the orbitals w.r.t
LPHON DISPERSION	INCAR	Category:INCAR_tag	Description: {{TAG|LPHON_DISPERSION}} requests the calculation of the phonon dispersion along the q-point path supplied in file {{TAG|QPOINTS}} (same format as {{FILE|KPOINTS}}).
LPHON POLAR	INCAR	Category:INCAR_tag	Description: {{TAG|LPHON_POLAR}} includes dipole-dipole corrections in the computation of the phonon dispersion. For this mode, {{TAG|PHON_DIELECTRIC}} and {{TAG|PHON_BORN_CHARGES}} must also be set. ----
LPHON READ FORCE CONSTANTS	INCAR	Category:INCAR_tag	Description: {{TAG|LPHON_READ_FORCE_CONSTANTS}} read the force constants from a vaspin.h5 file containing the force constants computed with a previous VASP run.
LPLANE	INCAR	Category:INCAR_tag	Description: {{TAG|LPLANE}} switches on the plane-wise data distribution in real space.
LPOSNICS	INCAR	Category:INCAR_tag	Description: {{TAG|LPOSNICS}} controls if VASP reads the {{FILE|POSNICS}} file.
LREAL	INCAR	Category:INCAR_tag	Description: {{TAG|LREAL}} determines whether the projection operators are evaluated in real-space or in reciprocal space. ----   {{TAG|LREAL}}=.FALSE.  || projection done in reciprocal space   {{TAG|LREAL}}=Auto or A|| projection done in real space, fully automatic optimization of projection operat
LRHFCALC	INCAR	Category:INCAR_tag	Description: Switch on the decomposition of the exchange for the hybrid functionals using full Hartree-Fock exchange at long range. ---- If {{TAG|LRHFCALC}}=.TRUE. the exchange functional is decomposed into short-range LDA, PBE or PBEsol ({{TAG|GGA}}{{=}}CA, PE, PS, respectively) and long-range Hart
LRPA	INCAR	Category:INCAR_tag	Description: {{TAG|LRPA}}=.TRUE. includes local field effect on the Hartree level only. ---- For {{TAG|LRPA}}=.TRUE. local field effects are included on the Hartree level only. This means that cell periodic microscopic changes of the local potential related to the change of the Hartree potential are
LRPAFORCE	INCAR	Category:INCAR_tag	Description: {{TAG|LRPAFORCE}}=.TRUE. calculates forces in the random-phase approximation (RPA). ---- Available as of VASP.6.1.
LSCAAWARE	INCAR	Category:INCAR_tag	Description: {{TAG|LSCAAWARE}} controls the distribution of the Hamilton matrix.
LSCALAPACK	INCAR	Category:INCAR_tag	Description: {{TAG|LSCALAPACK}} controls the use of scaLAPACK.
LSCALER0	INCAR	Category:INCAR_tag	Description: {{TAGDEF|LSCALER0}} decides whether to re-scale the van der Waals radii R_{0} ({{TAG|LSCALER0}}=*.TRUE.*) or not. ----
LSCALU	INCAR	Category:INCAR_tag	Description: {{TAG|LSCALU}} switches on the parallel LU decomposition (using scaLAPACK) in the orthonormalization of the wave functions.
LSCDM	INCAR	Category:INCAR_tag	Description: {{TAG|LSCDM}} switches on the selected columns of the density matrix (SCDM) method.
LSCK	INCAR	Category:INCAR_tag	v_{G} = 4 \pi e^2 \frac{ (G_{max}-G_{min})(G_{max}-G) }{ (G_{min}^2 - G(2G_{min}-G_{max}))^2 }   \qquad \mbox{for} \quad  \mathrm{ENCUTGWSOFT}=\frac{\hbar^2G_{min}^2}{2m_e}<\frac{\hbar^2 G^2}{2m_e}<\frac{\hbar^2G_{max}^2}{2m_e}=\mathrm{ENCUTGW}
LSCRPA	INCAR	Category:INCAR_tag	Description: {{TAG|LSCRPA}} selects the spectral-cRPA method. ----
LSCSGRAD	INCAR	Category:INCAR_tag	Description: {{TAGDEF|LSCSGRAD}} decides whether to compute gradients in the calculation of the MBD dispersion energy or the SCS contribution. ----
LSELFENERGY	INCAR	Category:INCAR_tag	Description: Controls whether the frequency-dependent self-energy is calculated or not.
LSEPB	INCAR	Category:INCAR_tag	Description: Specifies whether the partial charge density is summed up for all selected bands or separated and printed out in different files. ---- If {{TAG|LPARD}} = .TRUE. the partial charge density is calculated for a subset of bands selected via the {{TAG|IBAND}}, {{TAG|NBMOD}}, and {{TAG|EINT}}
LSEPK	INCAR	Category:INCAR_tag	Description: Specifies whether the partial charge density is summed up for all selected **k** points or separated and printed out in different files. {{NB|mind|If the **k** points are separated, each **k** point weight is set to 1. To get the correct results in this case it is necessary to turn off 
LSFBXC	INCAR	Category:INCAR_tag	Description: Removes sources and drains from the exchange-correlation B field. ----
LSINGLES	INCAR	Category:INCAR_tag	Description: Switch on singles contribution to correlation energy for GW algorithms.{{cite|klimes:jcp:143}} ---- {{TAG|LSINGLES}} enables the calculation of the singles contributions to the correlation energy that can be represented by the following Feynman (time-ordered) diagrams:{{cite|kaltak:thes
LSMP2LT	INCAR	Category:INCAR_tag	Description: {{TAG|LSMP2LT}} selects a stochastic Laplace transformed MP2 algorithm. ----
LSORBIT	INCAR	Category:INCAR_tag	Description: Switch on spin-orbit coupling. ----
LSOSHIFT	INCAR	Category:INCAR_tag	Description: {{TAG| LSOSHIFT |.True.}} activates spin–orbit coupling (SOC) contributions to the calculated chemical shielding tensor in NMR. ---- {{TAG|LSOSHIFT|.True.}} allows accounting for spin-orbit coupling (SOC) for the computation of nuclear magnetic resonance (NMR) chemical shielding tensors
LSPECTRAL	INCAR	Category:INCAR_tag	Description: {{TAG|LSPECTRAL}} specifies to use the spectral method. ----
LSPECTRALGW	INCAR	Category:INCAR_tag	Description: {{TAG|LSPECTRALGW}} specifies to use the spectral method for calculating the self-energy. ----
LSPIN VDW	INCAR	Category:INCAR_tag	Description: {{TAG|LSPIN_VDW}}=.TRUE. switches on the use of the spin-polarized formulation{{cite|thonhauser:prl:2015}} for the nonlocal part of a van der Waals functional (available as of VASP.6.4.0). ---- {{NB|mind|{{TAG|LSPIN_VDW}}{{=}}.TRUE. is possible only for van der Waals functionals that co
LSPIRAL	INCAR	Category:INCAR_tag	Description: set {{TAG|LSPIRAL}}=.TRUE. to represent spin spirals by means of a generalized Bloch condition. ---- See the description of spin spiral calculations for more details.
LSUBROT	INCAR	Category:INCAR_tag	Description: This flag can be set for hybrid functionals (HF-type calculations). {{TAG|LSUBROT}} determines whether an optimal rotation matrix between the occupied and unoccupied block is sought, when a direct optimization of the energy functional is performed (i.e. {{TAG| ALGO}}=All {{!}} Damped). 
LSYNCH5	INCAR	Category:INCAR_tag	Description: {{TAG|LSYNCH5}} determines whether the output in {{FILE|vaspout.h5}} is always synchronized with VASP while the calculation is running.
LTAU	INCAR	Category:INCAR_tag	Description: Request evaluation of the kinetic energy density. ----
LTBOUNDLIBXC	INCAR	Category:INCAR_tag	Description: {{TAG|LTBOUNDLIBXC}} specifies whether or not the lower bound for the Kohn-Sham kinetic-energy density \tau_{\sigma} (\tau_{\sigma}^{\textrm{W}}<\tau_{\sigma}) is enforced before \tau_{\sigma} is used in a {{TAG|METAGGA}} functional from Libxc. ----
LTEMPER	INCAR	Category:INCAR_tag	Description: {{TAG|LTEMPER}} specified whether parallel tempering is used. The flag must be used in combination with  {{TAG|IMAGES}}.
LTHOMAS	INCAR	Category:INCAR_tag	Description: {{TAG|LTHOMAS}} selects a decomposition of the exchange functional based on Thomas-Fermi exponential screening. ---- If {{TAG|LTHOMAS}}=.TRUE. the decomposition of the exchange operator (in a range-separated hybrid functional) into a short range (SR) and a long range (LR) part will be b
LTRIPLET	INCAR	Category:INCAR_tag	Description: {{TAG|LTRIPLET}} selects a triplet ansatz for Bethe-Salpeter-equations (BSE) calculations. This is synonymous to  {{TAG|LHARTREE}} = .FALSE. ----
LTSSURF	INCAR	Category:INCAR_tag	Description: if {{TAGDEF|LTSSURF}} set to .TRUE., the standard parametrization of the Tkatchenko-Scheffler method is replaced by the one designed to enable reliable modeling of structure and stability for a broad class of organic molecules adsorbed on metal surfaces is activated{{cite|ruiz:prb:2016}
LTWO CENTRE	INCAR	Category:INCAR_tag	Description: {{TAG|LTWO_CENTRE}} calculates off-center Coulomb integrals.  ---- When chosen, the system calculates two types of integrals:
LUSE VDW	INCAR	Category:INCAR_tag	Description: {{TAG|LUSE_VDW}}=.TRUE. switches on the use of a nonlocal vdW-DF functional. These functionals depend on the electron density at two points in space and model long-range van der Waals (dispersion) correlation effects. ---- {{NB|mind|In versions of VASP prior to 6.4.0, a meta-GGA functio
LUSENCCL	INCAR	Category:INCAR_tag	Description: {{TAG|LUSENCCL}} allows deactivating the NVIDIA Collective Communications Library (NCCL) during runtime when the code was compiled with the -DUSENCCL option. Category:INCAR tagCategory:PerformanceCategory:Parallelization
LVACPOTAV	INCAR	Category:INCAR_tag	Description: Switch on determining the vacuum potential by averaging the local potential over a field-free region.  ----
LVDW EWALD	INCAR	Category:INCAR_tag	Description: {{TAG|LVDW_EWALD}} decides whether the lattice summation in E_{disp} expression by means of Ewald's summation is computed. ---- {{TAG|LVDW_EWALD}} decides whether the lattice summation in E_{disp} expression by means of Ewald's summation is computed in the pairwise van der Waals correct
LVDW ONECELL	INCAR	Category:INCAR_tag	Description: {{TAGDEF|LVDW_ONECELL}} can be used to disable vdW interaction with mirror image in X Y Z direction. This is advisable for molecular calculations in the gas phase. In all other cases, use the default.
LVDWEXPANSION	INCAR	Category:INCAR_tag	Description: {{TAGDEF|LVDWEXPANSION}} decides whether to write the two- to six- body contributions to MBD dispersion energy in the {{TAG|OUTCAR}} file. ----
LVDWSCS	INCAR	Category:INCAR_tag	Description: {{TAGDEF|LVDWSCS}} activates the {{TAG|self-consistent screening in Tkatchenko-Scheffler method}}. ----
LVGVAPPL	INCAR	Category:INCAR_tag	Description: {{TAG|LVGVAPPL}} determines whether the *vGv* orbital magnetic susceptibility is applied in the calculation of the CSA tensor.
LVGVCALC	INCAR	Category:INCAR_tag	Description: {{TAG|LVGVCALC}} switches on calculation of the *vGv* expression for the orbital magnetic susceptibility.
LVHAR	INCAR	Category:INCAR_tag	Description: Determines whether the local potential V_{\text{ionic}}(\mathbf{r}) +V_{\text{hartree}}(\mathbf{r})  (in eV) is written to the {{FILE|LOCPOT}} file. ----  V_{\text{ionic}}(\mathbf{r})+V_{\text{hartree}}(\mathbf{r}) = V_{\text{ionic}}(\mathbf{r}) +  \int \frac{n(\mathbf{r'})}{|\mathbf{r}
LVTOT	INCAR	Category:INCAR_tag	Description: Determines whether the total local potential V_{\text{LOCPOT}}(\mathbf{r}) (in eV) is written to the {{FILE|LOCPOT}} file. ----  V_{\text{LOCPOT}}(\mathbf{r}) =  V_{\text{ionic}}(\mathbf{r}) +  \int \frac{n(\mathbf{r'})}{|\mathbf{r}-\mathbf{r'}|}d\mathbf{r'}+ V_{\text{xc}}(\mathbf{r})
LWANNIER90	INCAR	Category:INCAR_tag	Description: {{TAG|LWANNIER90}}=.TRUE. switches on the interface between VASP and WANNIER90 (http://www.wannier.org).
LWANNIER90 RUN	INCAR	Category:INCAR_tag	Description: {{TAG|LWANNIER90_RUN}} executes wannier_setup (see {{TAG|LWANNIER90}}=.TRUE.) and subsequently runs WANNIER90 (http://www.wannier.org) in library mode (wannier_run). ---- For details on the execution of wannier_setup in VASP, see the description of the {{TAG|LWANNIER90}}-tag. For inform
LWAVE	INCAR	Category:INCAR_tag	Description: Determines whether the wavefunctions are written at the end of a run. ----
LWAVEH5	INCAR	Category:INCAR_tag	Description: Determines whether the wavefunctions are written to {{FILE|vaspwave.h5}} file at the end of a run. ----
LWEIGHTED	INCAR	Category:INCAR_tag	Description: {{TAG|LWEIGHTED}} selects the weighted-cRPA method. ---- Selects the cRPA method of Sasioglu, Friedrich and Blügel{{cite|sasioglu:prb:83}} where the following screening contribution is subtracted from the full RPA polarizability: ::\tilde  \chi^\sigma_{{\bf G,G}'}({\bf q},i\omega)\appro
LWRITE MMN AMN	INCAR	Category:INCAR_tag	Description: {{TAG|LWRITE_MMN_AMN}}=.TRUE. tells the VASP2WANNIER90 interface to write the **wannier90.mmn** and **wannier90.amn** files. ---- When running WANNIER90 in library mode ({{TAG|LWANNIER90_RUN}}=.TRUE.), the **wannier90.mmn** and **wannier90.amn** files are not written. The information th
LWRITE SPN	INCAR	Category:INCAR_tag	Description: Write **wannier90.spn** file for noncollinear calculations. ----
LWRITE UNK	INCAR	Category:INCAR_tag	Description: {{TAG|LWRITE_UNK}} decides whether the cell-periodic part of the relevant Bloch functions is written. ---- For {{TAG|LWRITE_UNK}}=True, VASP writes the cell-periodic part of the Kohn–Sham orbitals in spin channel s at k point p to the file **wannier90.UNKp.s**. This file can be used to 
LWRITE WANPROJ	INCAR	Category:INCAR_tag	Description: {{TAG|LWRITE_WANPROJ}} determines whether the Wannier projection file {{TAG|WANPROJ}} is written. ---- If {{TAG|WANPROJ}} is present, VASP skips the Wannier projection and reads the effective projectors Unk from the {{TAG|WANPROJ}} file for each k point.
LWRT AUGMENTED DENSITY	INCAR	Category:INCAR_tag	Description: Switch for {{TAG|WRT_DENSITY}} to write without augmentation (compensation charge=0). ---- With {{TAG|LWRT_AUGMENTED_DENSITY|F}} the densities can be written without augmentation (compensation charge=0). Mind that the augmented densities are still used during electronic minimization to 
LZEROZ	INCAR	Category:INCAR_tag	Description: for {{TAG|LZEROZ}}=.TRUE. the *z*-component of the spin-spiral magnetisation density will be forced to be and to remain zero. ---- See the description of spin spiral calculations for more details.
LZORA	INCAR	Category:INCAR_tag	Description: {{TAG|LZORA|.True.}} yields ZORA scalar-relativistic chemical shieldings in NMR. ----
M CONSTR	INCAR	Category:INCAR_tag	Description: {{TAG|M_CONSTR}} specifies the desired local magnetic moment (size and/or direction) for the constrained local moments approach.  ---- The {{TAG|M_CONSTR}} tag sets the desired size and/or direction of the integrated local magnetic moments in cartesian coordinates.
MAGMOM	INCAR	Category:INCAR_tag	Description: Initial magnetic moment for each atom if no magnetization density is present. Considered when symmetry is determined. ----
MAXDIS	INCAR	Category:INCAR_tag	Description: This tag sets the maximum distance that an atom is allowed to travel (in Angstrom) between two ab-initio steps before the charge density is reset to atomic an atomic charge density.
MAXMEM	INCAR	Category:INCAR_tag	Description: {{TAG|MAXMEM}} specifies the maximum memory one MPI rank will attempt to allocate (in MByte). Since, the default varies somewhat between VASP versions, it is safer to set this flag manually. Currently the flag is only inspected in few selected routines, such as the GW or RPA routines th
MAXMIX	INCAR	Category:INCAR_tag	Description: {{TAG|MAXMIX}} specifies the maximum number of steps stored in the Broyden mixer ({{TAG|IMIX}}=4). ---- {{TAG|MAXMIX}} specifies the maximum number of vectors stored in the Broyden/Pulay mixer, in other words, it corresponds to the maximal rank of the approximation of the charge-dielect
MDALGO	INCAR	Category:INCAR_tag	Description: Specifies the thermostat and lattice dynamics for molecular-dynamics calculations (in case {{TAG|IBRION|0}}). ----
METAGGA	INCAR	Category:INCAR_tag	Description: Selects a meta-GGA exchange-correlation functional. ---- {{NB|mind| *If you select a meta-GGA functional, make sure that you use  POTCAR files that are suited for meta-GGA functionals. However, note that this requirement does not concern the deorbitalized meta-GGAs, i.e. those that do n
MINROT	INCAR	Category:INCAR_tag	Description: The flag {{TAG|MINROT}} defines the value for which the dimer is rotated only if the predicted rotation angle is greater than {{TAG|MINROT}} (rad.) in the {{TAG|Improved Dimer Method}}.
MIXPRE	INCAR	Category:INCAR_tag	Description: {{TAG|MIXPRE}} specifies the metric in the Broyden mixing scheme({{TAG|IMIX}}=4). ---- *{{TAG|MIXPRE}}=0 :No preconditioning, metric=1 *{{TAG|MIXPRE}}=1 :"Inverse Kerker" metric with automatically determined {{TAG|BMIX}} (determined in such a way that the variation of the preconditionin
ML AFILT2	INCAR	Category:INCAR_tag	Description: This tag sets the filtering parameter for the angular filtering for {{TAG|ML_IAFILT2}} in the machine learning force field method. ---- This tag is only used if {{TAG|ML_LAFILT2}}=*.TRUE.* and {{TAG|ML_IAFILT2}}=2 are used.
ML CALGO	INCAR	Category:INCAR_tag	Description: Chooses error estimation type for on-the-fly training or reselection of local referenc configurations. ----
ML CDOUB	INCAR	Category:INCAR_tag	Description: This tag controls the criterion for "enforced" DFT calculations within the machine learning force field method. ---- The usage of this tag in combination with the learning algorithms is described here: here.
ML CSIG	INCAR	Category:INCAR_tag	Description: Parameter used in the automatic determination of threshold {{TAG|ML_CTIFOR}} for error estimation in the machine learning force field method. ---- The usage of this tag in combination with the learning algorithms is described here: here.
ML CSLOPE	INCAR	Category:INCAR_tag	Description: Parameter used in the automatic determination of threshold for error estimation in the machine learning force field method. ---- The usage of this tag in combination with the learning algorithms is described here: here.
ML CTIFOR	INCAR	Category:INCAR_tag	Description: This flag sets the threshold for the error estimation in the machine learning force field method. ---- The use of this tag in combination with the learning algorithms is described here: here. Generally, first principles calculations are only performed if the error estimate of one force 
ML CX	INCAR	Category:INCAR_tag	Description: The parameter determines to which value the threshold  ({{TAG|ML_CTIFOR}}) is updated within the machine learning force field methods. ---- The use of this tag in combination with the learning algorithms is described here: here.
ML DESC TYPE	INCAR	Category:INCAR_tag	Description: Selects the descriptor type of the three-body descriptor used in machine learning force fields. ---- {{TAG|ML_DESC_TYPE}} selects how the three-body descriptor is calculated, and the following options are available: *{{TAG|ML_DESC_TYPE|0}}: Standard three-body descriptor, where the numb
ML EATOM REF	INCAR	Category:INCAR_tag	Description: Reference total energies of isolated atoms used in the machine learning force field method. ---- This tag is only used if {{TAG|ML_ISCALE_TOTEN|1}}.
ML EMPPOT RCUT	INCAR	Category:INCAR_tag	Description: Sets the cutoff radius for the empirical potentials. ---- The empirical potentials have a separate neighbor list. {{TAG|ML_EMPPOT_RCUT}} not only determines the cutoffs of the empirical potential functions but also the cutoff of the neighbor list.
ML EPS LOW	INCAR	Category:INCAR_tag	Description: Threshold for the CUR algorithm used in the sparsification of local reference configurations within the machine learning force fields.  ---- This value sets the threshold for the eigenvalues that contribute to the leverage scoring used in the CUR algorithm for the rank compression ("spa
ML EPS REG	INCAR	Category:INCAR_tag	Description: Initial value for the threshold of the eigenvalues of the covariance matrix in the evidence approximation. ---- This threshold is used to determine which eigenvalues \lambda_{k} of the covariance matrix \mathbf{\Phi}^{\mathrm{T}}\mathbf{\Phi}/\sigma^{2}_{\mathrm{v}} are used in the opti
ML ESTBLOCK	INCAR	Category:INCAR_tag	Description: Calculation and output frequency of error estimates for {{TAG|ML_MODE}}=*RUN* computations. ---- {{NB|warning|This tag was previously called ML_IERR in VASP versions 6.5.0 and earlier. Since VASP 6.5.1, {{TAG|ML_ESTBLOCK}} is the official variant (although ML_IERR is still supported for
ML GRACE MODEL	INCAR	Category:INCAR_tag	Description: String-based tag specifying the GRACE force field name or path. {{available|6.6.0}} ---- If GRACE force fields are requested via {{TAG|ML_TYPE|grace}} this tag allows to select the actual model to use in two ways:
ML IAFILT2	INCAR	Category:INCAR_tag	Description: This tag specifies the type of angular filtering used in the machine learning force field method. ---- [[File:Angular filtering MLFF cropped.png|400px|thumb|Fig. 1: Square of filtering function.]]
ML IALGO LINREG	INCAR	Category:INCAR_tag	Description: This tag determines the algorithm that is employed to solve the system of linear equations in the ridge regression method for machine learning. ----
ML ICOUPLE	INCAR	Category:INCAR_tag	Description: This tag specifies the atoms where the coupling parameter is introduced to calculate the chemical potential within the machine learning force field method. ----
ML ICRITERIA	INCAR	Category:INCAR_tag	Description: Decides how the error threshold ({{TAG|ML_CTIFOR}}) is updated within the machine learning force field method. {{TAG|ML_CTIFOR}} determines whether a first-principles calculation is performed. ---- The use of this tag in combination with the learning algorithms is described here: here.
ML IREG	INCAR	Category:INCAR_tag	Description: This tag specifies whether the regularization parameters are kept constant or not in the machine learning force field method. ---- The following cases are possible for this tag: *{{TAG|ML_IREG}}=1: The (initial) precision ({{TAG|ML_SIGV0}}) and noise ({{TAG|ML_SIGW0}}) parameters are ke
ML ISCALE TOTEN	INCAR	Category:INCAR_tag	Description: This tag specifies how to scale the energy data in the machine learning force field method. ---- The following cases are possible: *{{TAG|ML_ISCALE_TOTEN|1}}: The total energy is scaled to the total energy of the isolated atoms given by {{TAG|ML_EATOM_REF}}. *{{TAG|ML_ISCALE_TOTEN|2}}: 
ML ISTART	INCAR	Category:INCAR_tag	*{{TAG|ML_ISTART}} = 0: On-the-fly learning is enabled, starting from scratch. Force predictions from the machine learning force field are used to drive the MD simulation. However, if the error estimation performed in each time step indicates a high force error an ab initio calculation is performed 
ML IWEIGHT	INCAR	Category:INCAR_tag	Description: This tag controls which procedure is used for normalizing and weighting the energies, forces, and stresses in the machine learning force field method. ---- To achieve optimal training it is important to normalize the available data. Furthermore, sometimes it may be desired to emphasize 
ML LAFILT2	INCAR	Category:INCAR_tag	Description: This tag specifies whether angular filtering is applied or not within the machine learning force field method. ---- For the desciption of the filters please see: {{TAG|ML_IAFILT2}} and {{TAG|ML_AFILT2}}.
ML LBASIS DISCARD	INCAR	Category:INCAR_tag	Description: Controls whether calculation is continued or stopped after the maximum number of local reference configurations {{TAG|ML_MB}} for a given species is reached. ---- For {{TAG|ML_LBASIS_DISCARD}}=.FALSE., whenever the number of local reference configurations for a given species would excee
ML LCOUPLE	INCAR	Category:INCAR_tag	Description: This tag specifies whether thermodynamic integration is activated in order to calculate the chemical potentials within the machine learning force field method. ----
ML LEATOM	INCAR	Category:INCAR_tag	Description: This term specifies whether the total atomic energy is written out or not.  ----
ML LEMPPOT	INCAR	Category:INCAR_tag	Description: Enables the use of auxiliary empirical potentials for thermodynamic integration using {{TAG|VCAIMAGES}}. ---- {{TAG|ML_LEMPPOT}}=.TRUE. sets the following defaults: *{{TAG|ML_LCOUPLE}}=.TRUE. *{{TAG|ML_RCOUPLE}}=0.0
ML LERR	INCAR	Category:INCAR_tag	Description: Decides whether the Bayesian error estimates are calculated and written out or not. ----
ML LFAST	INCAR	Category:INCAR_tag	Description: This tag switches on the descriptors for refitting in the fast execution mode within machine learning force fields. This tag is usually switched on by {{TAG|ML_MODE|refit}} and doesn't need to be set explicitely.
ML LHEAT	INCAR	Category:INCAR_tag	Description: This tag specifies whether the heat flux is calculated or not in the machine learning force field method. ---- The heat flux within machine learning force fields is decomposed into atomic contributions written as
ML LIB	INCAR	Category:INCAR_tag	Description: {{TAG|ML_LIB}} enables/disables the use of the VASPml C++ library for machine-learning features.
ML LMAX2	INCAR	Category:INCAR_tag	Description: This tag specifies the maximum angular momentum quantum number L_\max of spherical harmonics used to expand atomic distributions within the machine learning force field method. ---- To construct an atomic environment descriptor the atomic probability density
ML LMLFF	INCAR	Category:INCAR_tag	Description: Main control tag which enables/disables the use of machine learning force fields. {{NB|mind|Machine learning force fields is available in {{VASP}} as of version 6.3.0}} ---- If {{TAG|ML_LMLFF}} = .FALSE. machine learning force fields are disabled and all related {{FILE|INCAR}} tags, i.e
ML LSPARSDES	INCAR	Category:INCAR_tag	Description: Specifies whether angular-descriptor sparsification is enabled within the machine learning force field method.
ML LUSE NAMES	INCAR	Category:INCAR_tag	Description: Decides whether training structures are additionally subdivided into groups internally due to their structure name. ---- This tag is important if the normalization via averages over subset standard deviations ({{TAG|ML_IWEIGHT}}=3) is employed. By default ({{TAG|ML_LUSE_NAMES}}=*.FALSE.
ML MB	INCAR	Category:INCAR_tag	Description: This tag sets the maximum number of local reference configurations (i.e. basis functions in the kernel) in the machine learning force field method. ---- The defaults for {{TAG|ML_MB}} are different for each different {{TAG|ML_MODE}} setting. Here are the defaults for each mode: *{{TAG|M
ML MB MIN	INCAR	Category:INCAR_tag	Description: {{TAG|ML_MB_MIN}} sets the minimum number of local reference configurations required for generation of a machine-learned force field. {{NB|mind|Available as of {{VASP}} 6.4.3. Previous versions do not support this tag but act as if its default was {{TAG|ML_MB_MIN|2}}.}} ---- Machine-lea
ML MCONF	INCAR	Category:INCAR_tag	Description: This tag sets the maximum number of structures stored in memory that are used for training in the machine learning force field method. ---- The defaults for {{TAG|ML_MCONF}} are different for each different {{TAG|ML_MODE}} setting. Here are the defaults for each mode: *{{TAG|ML_MODE}}='
ML MCONF NEW	INCAR	Category:INCAR_tag	Description: This tag sets the number of configurations that are stored temporarily as candidates for the training data in the machine learning force field method. ----
ML MHIS	INCAR	Category:INCAR_tag	Description: This tag sets the number of estimated errors stored in memory to determine the threshold for error estimation in the machine learning force field method for {{TAG|ML_ICRITERIA}}=1. For {{TAG|ML_ICRITERIA}}=2, the history length is 50 x {{TAG| ML_MHIS}} (or hard coded to 400). ---- The u
ML MODE	INCAR	Category:INCAR_tag	Description: String-based tag selecting operation mode for machine learning force fields.
ML MOPOT DM	INCAR	Category:INCAR_tag	Description: Specifies the well depth of the Morse potentials used as auxiliary potentials in thermodynamic integration ({{TAG|VCAIMAGES}}). ---- This parameter sets the well depth D_e of the following Morse potential
ML MOPOT IJM	INCAR	Category:INCAR_tag	Description: Specifies the list of Morse potential pairs used as auxiliary potentials in thermodynamic integration ({{TAG|VCAIMAGES}}). ---- This parameter specifies the pairs for which the following Morse potential will be used
ML MOPOT NM	INCAR	Category:INCAR_tag	Description: Specifies the number of Morse-potential pairs used as auxiliary potentials in thermodynamic integration ({{TAG|VCAIMAGES}}). ---- This parameter sets the number of pairs for which the following Morse potential is used
ML MOPOT RKM	INCAR	Category:INCAR_tag	Description: Specifies the width parameter of the Morse potentials used as auxiliary potentials in thermodynamic integration ({{TAG|VCAIMAGES}}). ---- This parameter sets the width parameter \beta of the following Morse potential
ML MOPOT RM	INCAR	Category:INCAR_tag	Description: Specifies the equilibrium bond distance of the Morse potentials used as auxiliary potentials in thermodynamic integration ({{TAG|VCAIMAGES}}). ---- This parameter sets the equilibrium bond distance r_{e} of the following Morse potential
ML MRB1	INCAR	Category:INCAR_tag	Description: This tag sets the number N_\text{R}^0 of radial basis functions used to expand the radial descriptor \rho^{(2)}_i(r) within the machine learning force field method. ---- The radial descriptor is constructed from
ML MRB2	INCAR	Category:INCAR_tag	Description: This tag sets the number N_\text{R}^l (for all l) of radial basis functions used to expand the angular descriptor within the machine learning force field method.  ---- The angular descriptor is constructed from
ML NATOM COUPLED	INCAR	Category:INCAR_tag	Description: This tag specifies the number of atoms for which a coupling parameter is introduced to calculate the chemical potential within the machine learning force field method.  ----
ML NCSHMEM	INCAR	Category:INCAR_tag	Description: Specifies the number of MPI ranks that share a single shared memory segment.  ----
ML NHYP	INCAR	Category:INCAR_tag	Description: This tag specifies the polynomial power  \zeta of the kernel within the machine learning force field method (see this section). ---- The value of {{TAG|ML_NHYP}} must be an integer number \ge 1.
ML NMDINT	INCAR	Category:INCAR_tag	Description: Tag to control the minimum interval to get training samples in the machine learning force field method. ---- The usage of this tag in combination with the learning algorithms is described here: here
ML NRANK SPARSDES	INCAR	Category:INCAR_tag	Description: This tag sets the number of highest eigenvalues to which the correlation is measured within the angular descriptor sparsification (within the machine learning force field method).
ML OUTBLOCK	INCAR	Category:INCAR_tag	Description: Output distance in number of steps for molecular-dynamics simulations with machine-learned force fields in prediction-only mode ({{TAG|ML_MODE|run}}). {{NB|important|This tag is only available as of VASP.6.4.0. Unfortunately, the implementation of this feature was incomplete before VASP
ML OUTPUT MODE	INCAR	Category:INCAR_tag	Description: This tag allows to disable certain file output which helps to increase performance in molecular-dynamics simulations with machine-learned force fields in prediction-only mode ({{TAG|ML_MODE|run}}).
ML RCOUPLE	INCAR	Category:INCAR_tag	Description: This tag specifies the value of the coupling parameter for the calculation of the chemical potential within the machine learning force field method. ----
ML RCUT1	INCAR	Category:INCAR_tag	Description: Sets the cutoff radius R_\text{cut} for the radial descriptor \rho^{(2)}_i(r) in \AA. ---- The radial descriptor for machine-learned force fields is constructed from
ML RCUT2	INCAR	Category:INCAR_tag	Description: This flag sets the cutoff radius R_\text{cut} for the angular descriptor \rho^{(3)}_i(r) in the machine learning force field method. The unit of the cut-off radius is \AA. ---- The angular descriptor is constructed from
ML RDES SPARSDES	INCAR	Category:INCAR_tag	Description: Sets the ratio of descriptors kept during angular-descriptor sparsification.
ML SCLC CTIFOR	INCAR	Category:INCAR_tag	Description: Sets fraction by which the error threshold for the maximum forces is lowered in the selection of local reference calculations. ---- {{TAG|ML_CTIFOR}} determines whether a first-principles calculation is performed when training an MLFF.  Whenever a first-principles calculation is perform
ML SIGV0	INCAR	Category:INCAR_tag	Description: This flag sets the noise parameter s_{\mathrm{v}} (see here for definition) for the fitting in the machine learning force field method. ---- If the regularization needs to be controlled manually, like e.g. in the fitting via singular value decomposition ({{TAG|ML_MODE}}=*REFIT* or {{TAG
ML SIGW0	INCAR	Category:INCAR_tag	Description: This flag sets the precision parameter s_{\mathrm{w}} (see here for definition) for the fitting in the machine learning force field method.  ---- The default value for {{TAG|ML_MODE}}=*REFIT* works reliably in most calculations, however, sometimes it is necessary to increase the regular
ML SION1	INCAR	Category:INCAR_tag	Description: This tag specifies the width \sigma_\text{atom} of the Gaussian functions used for broadening the atomic distributions of the radial descriptor \rho^{(2)}_i(r) within the machine learning force field method. ---- The radial descriptor is constructed from
ML SION2	INCAR	Category:INCAR_tag	Description: This tag specifies the width \sigma_\text{atom} of the Gaussian functions used for broadening the atomic distributions of the angular descriptor \rho^{(3)}_i(r) within the machine learning force field method. ---- The angular descriptor is constructed from
ML SRPOT B0	INCAR	Category:INCAR_tag	Description: Specifies the height of a soft repulsive exponential potential used as an auxiliary potential in thermodynamic integration ({{TAG|VCAIMAGES}}). ---- This parameters sets the height b of the following repulsive exponential potential
ML SRPOT N0	INCAR	Category:INCAR_tag	Description: Specifies the exponent of a soft repulsive exponential potential used as an auxiliary potential in thermodynamic integration ({{TAG|VCAIMAGES}}). ---- This parameters sets the exponent n of the following repulsive exponential potential
ML SRPOT S0	INCAR	Category:INCAR_tag	Description: Specifies the broadening of a soft repulsive exponential potential used as an auxiliary potential in thermodynamic integration ({{TAG|VCAIMAGES}}). ---- This parameters sets the broadening \sigma of the following repulsive exponential potential
ML TYPE	INCAR	Category:INCAR_tag	Description: String-based tag selecting type of machine-learned force field to use. {{available|6.6.0}} ---- Given that machine-learned force fields are enabled ({{TAG|ML_LMLFF|.TRUE.}}) this tag selects which type of force field is used.
ML W1	INCAR	Category:INCAR_tag	Description: This tag defines the weight \beta for the radial (and angular) descriptor within the machine learning force field method (see this section). ---- The weight for the angular descriptor W_{2} is internally computed from the weight of the radial descriptor W_{1} as:
ML WTIFOR	INCAR	Category:INCAR_tag	Description: This tag sets the weight for the scaling of the forces in the training data within the machine learning force field method. ----
ML WTOTEN	INCAR	Category:INCAR_tag	Description: Sets a scaling of the fitted potential energy.  ----
ML WTSIF	INCAR	Category:INCAR_tag	Description: This tag sets the weight for the scaling of the stress in the training data within the machine learning force field method. ----
MSDGW F	INCAR	Category:INCAR_tag	Description: A positive value of {{TAG|MSDGW_F}} triggers the mixed stochastic-deterministic compression algorithm of Altman and co-workers.{{cite|altman:prl:2024}} ---- {{TAG|MSDGW_F}} is the constant energy ratio F of the compression algorithm. If set to a positive value, energies beyond the prote
NATURALO	INCAR	Category:INCAR_tag	Description: calculate RPA natural orbitals. ----
NBANDS	INCAR	Category:INCAR_tag	Description: {{TAG|NBANDS}} specifies the total number of KS or QP orbitals in the calculation. ----
NBANDS WAVE	INCAR	Category:INCAR_tag	Description: {{TAG|NBANDS_WAVE}} specifies the number of bands written to {{FILE|WAVECAR}} in the all-in-one mode of many-body perturbation theory calculations, i.e.,  {{TAG|ALGO}}=ACFDT[R], [[Practical_guide_to_GW_calculations|[EV]GW0[R]]], GWR.
NBANDSEXACT	INCAR	Category:INCAR_tag	Description: {{TAG|NBANDSEXACT}} specifies the number of bands used in the all-in-one mode of many-body perturbation theory calculations.
NBANDSGW	INCAR	Category:INCAR_tag	Description: The flag determines how many QP energies are calculated and updated in GW type calculations.
NBANDSO	INCAR	Category:INCAR_tag	Description: {{TAG|NBANDSO}} determines how many occupied orbitals are included in the Casida/BSE calculations or time propagation ({{TAG|ALGO}}=TIMEEV.
NBANDSV	INCAR	Category:INCAR_tag	Description: {{TAG|NBANDSV}} determines how many unoccupied orbitals are included in the Casida/BSE calculations or timepropagation.
NBLK	INCAR	Category:INCAR_tag	Description: {{TAG|NBLK}} determines the blocking factor in many BLAS level 3 routines.
NBLOCK	INCAR	Category:INCAR_tag	Description: After {{TAG|NBLOCK}} ionic steps the pair-correlation function and the DOS are calculated and the ionic configuration is written to the {{FILE|XDATCAR}}-file. ---- It is recommended to leave  {{TAG|NBLOCK}} to 1, since the computational overhead to determine the DOS and pair correlation
NBLOCK FOCK	INCAR	Category:INCAR_tag	Description: Sets the number of orbitals that are processed simultaneously when computing the action of the Fock potential. ----
NBMOD	INCAR	Category:INCAR_tag	Description: {{TAG|NBMOD}} controls how bands are selected when computing partial charge densities.
NBSEBLOCKO	INCAR	Category:INCAR_tag	Description: {{TAG|NBSEBLOCKO}} specifies the blocking factor for the occupied states when setting up the BSE Hamiltonian. ---- By default, the construction of the BSE Hamiltonian in VASP is parallelized over **k**-points, such that each MPI rank can compute a pair of **k**-points. This way the BSE 
NBSEBLOCKV	INCAR	Category:INCAR_tag	Description: {{TAG|NBSEBLOCKV}} specifies the blocking factor for the unoccupied states when setting up the BSE Hamiltonian. ---- By default, the construction of the BSE Hamiltonian in VASP is parallelized over **k**-points, such that each MPI rank can compute a pair of **k**-points. This way the BS
NBSEEIG	INCAR	Category:INCAR_tag	Description: {{TAG|NBSEEIG}} sets the number of BSE eigenvectors written to the {{FILE|BSEFATBAND}} file. If {{TAG|BSEHOLE}} or {{TAG|BSEELECTRON}} is set, {{TAG|NBSEEIG}} exciton wavefunctions are written to the {{FILE|CHG}}.XX files. ## Related tags and sections {{TAG|BSE}}, {{TAG|BSEFATBAND}}, BS
NCORE	INCAR	Category:INCAR_tag	Description: {{TAG|NCORE}} controls how many MPI ranks collaborate on a single band, parallelizing the FFTs for that band. ----
NCORE IN IMAGE1	INCAR	Category:INCAR_tag	Description: This tag specifies the number of cores in the first image.
NCRPA BANDS	INCAR	Category:INCAR_tag	Description: Controls which bands are excluded in the constrained random-phase approximation. Check also {{TAG|NTARGET_STATES}}.
NEDOS	INCAR	Category:INCAR_tag	Description: Number of grid points for the electronic density of states (DOS) and dielectric function. ---- The energy range between {{TAG|EMIN}} and {{TAG|EMAX}} is divided into {{TAG|NEDOS}} intervals to obtain the grid points. The DOS for the corresponding energy is written in the {{FILE|DOSCAR}}
NELECT	INCAR	Category:INCAR_tag	Description: {{TAG|NELECT}} sets the number of electrons. ----
NELM	INCAR	Category:INCAR_tag	Description: {{TAG|NELM}} sets the maximum number of electronic SC (self-consistency) steps.  ---- Normally, there is no need to change the default value: if the self-consistency loop does not converge within 40 steps, it will probably not converge at all. In this case you should reconsider the tags
NELMDL	INCAR	Category:INCAR_tag	Description: {{TAG|NELMDL}} specifies the number of non-self-consistent steps at the beginning. ---- If the orbitals are initialized using a random number generator (the default in VASP),  the initial orbitals are usually unreasonable and the iterative matrix diagonalization will require 5-10 steps 
NELMGW	INCAR	Category:INCAR_tag	Description: {{TAG|NELMGW}} sets the number of self-consistent GW steps. Available as of 6.3.0.
NELMIN	INCAR	Category:INCAR_tag	Description: {{TAG|NELMIN}} specifies the minimum number of electronic self-consistency steps.  ---- It is rarely necessary to change the value of the {{TAG|NELMIN}} tag. In some cases, e.g., in molecular-dynamics runs, or ionic-minimization methods, we recommend increasing the {{TAG|NELMIN}} tag to
NFREE	INCAR	Category:INCAR_tag	Description: depending on {{TAG|IBRION}}, {{TAG|NFREE}} specifies the number of remembered steps in the history of ionic convergence runs, or the number of ionic displacements in frozen phonon calculations. ----  *{{TAG|IBRION}}=1 (quasi-Newton algorithm for ionic relaxation):
NGX	INCAR	Category:INCAR_tag	Description: {{TAG|NGX}} sets the number of grid points in the FFT grid along the first lattice vector. ---- By default {{TAG|NGX}} is set in accordance with the requested "precision" mode {{TAG|PREC}} and the plane wave kinetic energy cutoff {{TAG|ENCUT}}:
NGXF	INCAR	Category:INCAR_tag	Description: {{TAG|NGXF}} sets the number of grid points in the "fine" FFT grid along the first lattice vector. ---- On this "fine" FFT mesh the localized augmentation charges are represented if ultrasoft pseudopotentials (USPPs) or the PAW method are used. In case USPPs are used, the local potentia
NGY	INCAR	Category:INCAR_tag	Description: {{TAG|NGY}} sets the number of grid points in the FFT grid along the second lattice vector. ---- By default {{TAG|NGY}} is set in accordance with the requested "precision" mode {{TAG|PREC}} and the plane wave kinetic energy cutoff {{TAG|ENCUT}}:
NGYF	INCAR	Category:INCAR_tag	Description: {{TAG|NGYF}} sets the number of grid points in the "fine" FFT grid along the second lattice vector. ---- On this "fine" FFT mesh the localized augmentation charges are represented if ultrasoft pseudopotentials (USPPs) or the PAW method are used. In case USPPs are used, the local potenti
NGYROMAG	INCAR	Category:INCAR_tag	Description: {{TAG|NGYROMAG}} specifies the nuclear gyromagnetic ratios (in MHz, for H0 = 1 T) for the atomic types on the {{FILE|POTCAR}} file.  ---- By means of the {{TAG|NGYROMAG}}-tag one can specify the nuclear gyromagnetic ratio:
NGZ	INCAR	Category:INCAR_tag	Description: {{TAG|NGZ}} sets the number of grid points in the FFT grid along the third lattice vector. ---- By default {{TAG|NGZ}} is set in accordance with the requested "precision" mode {{TAG|PREC}} and the plane wave kinetic energy cutoff {{TAG|ENCUT}}:
NGZF	INCAR	Category:INCAR_tag	Description: {{TAG|NGZF}} sets the number of grid points in the "fine" FFT grid along the first lattice vector. ---- On this "fine" FFT mesh the localized augmentation charges are represented if ultrasoft pseudopotentials (USPPs) or the PAW method are used. In case USPPs are used, the local potentia
NHC NCHAINS	INCAR	Category:INCAR_tag	Description: Length of the Nosé-Hoover chain.
NHC NRESPA	INCAR	Category:INCAR_tag	Description: The number of subdivisions of the integration step used in propagation of thermostat variables in the Nosé-Hoover chain thermostat.
NHC NS	INCAR	Category:INCAR_tag	Description: The number of subdivisions of each RESPA step used in the integration step used in propagation of thermostat variables in the Nosé-Hoover chain thermostat.
NICS	INCAR	Category:INCAR_tag	The {{FILE|NICS}} file contains the NMR nucleus-independent chemical shielding (NICS) in ppm. It is written if {{TAG|NUCIND}} = .TRUE. is set and no {{FILE|POSNICS}} is present. The format is the same as {{FILE|CHGCAR}} with a header to define the grid and then 9 blocks that correspond to the indice
NKRED	INCAR	Category:INCAR_tag	Description: {{TAG|NKRED}} specifies an uniform reduction factor for the **q**-point grid representation of the exact exchange potential and the correlation part in GW calculations. ---- One may restrict the sum over **q** in the Fock exchange potential (or one of its short range counterparts) to a 
NKREDX	INCAR	Category:INCAR_tag	Description: {{TAG|NKREDX}} specifies a reduction factor for the **q**-point grid representation of the exact exchange potential along reciprocal space direction **b**1. ---- One may restrict the sum over **q** in the Fock exchange potential (or one of its short range counterparts) to a subset, {**q
NKREDY	INCAR	Category:INCAR_tag	Description: {{TAG|NKREDY}} specifies a reduction factor for the **q**-point grid representation of the exact exchange potential along reciprocal space direction **b**2. ---- One may restrict the sum over **q** in the Fock exchange potential (or one of its short range counterparts) to a subset, {**q
NKREDZ	INCAR	Category:INCAR_tag	Description: {{TAG|NKREDZ}} specifies a reduction factor for the **q**-point grid representation of the exact exchange potential along reciprocal space direction **b**3. ---- One may restrict the sum over **q** in the Fock exchange potential (or one of its short range counterparts) to a subset, {**q
NLSPLINE	INCAR	Category:INCAR_tag	Description: construct the PAW projectors in reciprocal space using spline interpolation so that they are *k*-differentiable. ---- For {{TAG|NLSPLINE}}=.TRUE., the PAW projectors in reciprocal space ({{TAG|LREAL}}=.FALSE.) are set up using a spline interpolation so that they are *k* differentiable. 
NMAXFOCKAE	INCAR	Category:INCAR_tag	Description: Sets the number of shape-restoring functions used for each angular momentum quantum number L in shape restoration. ---- In shape restoration, radial functions with vanishing multipole moment are added to the PAW compensation charge for each angular momentum quantum number L. {{TAG|LMAXF
NMRCAR.magres	INCAR	Category:INCAR_tag	The {{FILE|NMRCAR.magres}} file is writte when calculating the chemical shieldings or calculating the electric field gradient if {{TAG|LNMRCAR|T}} (default). The file format followes the Magres format (https://www.ccpnc.ac.uk/docs/magres) in order to allow easy analysis using e.g. magresview (https:
NOMEGA	INCAR	Category:INCAR_tag	Description: {{TAG|NOMEGA}} specifies the number of (imaginary) frequency and imaginary time grid points. ---- Typically {{TAG|NOMEGA}} should be chosen around 50-100 (for the parallel version, {{TAG|NOMEGA}} should be dividable by the number of compute nodes to obtain maximum efficiency). For quick
NOMEGA DUMP	INCAR	Category:INCAR_tag	Description: {{TAG|NOMEGA_DUMP}} selects the imaginary frequency point of screened potential in low-scaling GW calculations that is written to file.  {{NB| mind | This tag can be used to obtain {{FILE|WFULLxxxx.tmp}} for BSE calculations.}}
NOMEGAPAR	INCAR	Category:INCAR_tag	Description: {{TAG|NOMEGAPAR}} available as of VASP.6, specifies the number of processor groups sharing the same imaginary frequency grid points. ---- ## Related tags and articles {{TAG|NTAUPAR}},
NOMEGAR	INCAR	Category:INCAR_tag	Description: {{TAG|NOMEGAR}} specifies the number of frequency grid points along the real axis. ---- Usually {{TAG|NOMEGAR}} equals {{TAG|NOMEGA}}. If {{TAG|NOMEGAR}} is smaller than  {{TAG|NOMEGA}} (for instance 0), frequencies along the imaginary time axis are included (this feature is currently n
NPACO	INCAR	Category:INCAR_tag	Description: {{TAG|NPACO}} sets the number of slots in the pair-correlation function written to {{FILE|PCDAT}}.
NPAR	INCAR	Category:INCAR_tag	Description: {{TAG|NPAR}} determines the number of bands that are treated in parallel. This is a legacy tag; use {{TAG|NCORE}} instead. ---- {{NB|warning|{{TAG|NCORE}} is the recommended tag for controlling band-level parallelization and has been available since VASP.5.2.13. It is more intuitive and
NPPSTR	INCAR	Category:INCAR_tag	Description: {{TAG|NPPSTR}} specifies the number of k-points on the strings in the {{TAG|IGPAR}} direction.
NRMM	INCAR	Category:INCAR_tag	Description: Maximum number of iterative steps for RMM-DIIS ({{TAG|IALGO}}=4X) or Davidson algorithms ({{TAG|IALGO}}=3X).
NSIM	INCAR	Category:INCAR_tag	Description: {{TAG|NSIM}} sets the number of bands that are optimized simultaneously by the RMM-DIIS algorithm. This also controls for the blocked-Davidson at certain places how many orbitals are worked on simultaneously as well as in the calculation of forces. Especially, GPUs benefit from increasi
NSTORB	INCAR	Category:INCAR_tag	Description: {{TAG|NSTORB}} specifies the number of stochastic orbitals per cycle in the stochastic MP2 algorithm.{{cite|Schaefer:JCP2017}} ----
NSUBSYS	INCAR	Category:INCAR_tag	Description: {{TAG|NSUBSYS}} defines the atomic subsystems in calculations with multiple Anderson thermostats (in case VASP was compiled with -Dtbdyn). ---- Up to three user-defined atomic subsystems may be coupled with independent Andersen thermostats ({{TAG|MDALGO}}=13).
NSW	INCAR	Category:INCAR_tag	Description: {{TAG|NSW}} sets the maximum number of ionic steps. ----
NTARGET STATES	INCAR	Category:INCAR_tag	Description: Controls which Wannier states are excluded in constrained random-phase approximation. Check also {{TAG|NCRPA_BANDS}}.
NTAUPAR	INCAR	Category:INCAR_tag	Description: {{TAG|NTAUPAR}} available as of VASP.6, specifies the number of MPI groups sharing same imaginary time grid points. The default value of NTAUPAR is set to the largest possible value supported on the compute nodes to speed up the GW or RPA calculation. ---- NTAUPAR has the biggest impact
NTEMPER	INCAR	Category:INCAR_tag	Description: {{TAG|NTEMPER}} specifies how often temperature swaps are attempted during parallel tempering. The flag must be used in combination with  {{TAG|IMAGES}} and {{TAG|LTEMPER}}. {{TAG|NTEMPER}}=0, allows to perform several completely independent calculations.
NUCIND	INCAR	Category:INCAR_tag	Description: Allows the nucleus-independent chemical shielding (NICS) to be calculated.
NUM WANN	INCAR	Category:INCAR_tag	Description: Controls the number of Wannier orbitals to be constructed.
NUPDOWN	INCAR	Category:INCAR_tag	Description: Sets the difference between the number of electrons in the up and down spin components.
NWRITE	INCAR	Category:INCAR_tag	Description: This tag determines how much will be written to the file {{TAG|OUTCAR}} ('verbosity tag'). ----
ODDONLY	INCAR	Category:INCAR_tag	Description: {{TAG|ODDONLY}}=.TRUE. selects a subset of **k**-points for the representation of the Fock exchange potential, with *C*1=*C*2=*C*3=1, and *n*1+*n*2+*n*3 odd. ---- One may restrict the sum over **q** in the Fock exchange potential (or one of its short range counterparts) to a subset, {**
ODDONLYGW	INCAR	Category:INCAR_tag	Description: {{TAG|ODDONLYGW}} allows to avoid the inclusion of the \Gamma point in the evaluation of response functions (in {{TAG|GW calculations}}).
OFIELD A	INCAR	Category:INCAR_tag	Description: The tag {{TAG|OFIELD_A}} sets the desired order parameter Q_6 in the Interface pinning method.  ---- The bias potential in the Interface pinning method is written as ::U_\text{bias}(\mathbf{R}) = \frac\kappa2 \left(Q_6(\mathbf{R}) - A\right)^2 . The tag {{TAG|OFIELD_A}} sets the desired
OFIELD KAPPA	INCAR	Category:INCAR_tag	Description: The tag {{TAG|OFIELD_KAPPA}} sets the strength of the bias potential in the Interface pinning method.  ---- The bias potential in the Interface pinning method is written as ::U_\text{bias}(\mathbf{R}) = \frac\kappa2 \left(Q_6(\mathbf{R}) - A\right)^2 . The tag {{TAG|OFIELD_KAPPA}} metho
OFIELD Q6 FAR	INCAR	Category:INCAR_tag	Description: {{TAG|OFIELD_Q6_FAR}} sets the far fading distance  for the computation of a continuous Q_6 parameter in the interface-pinning method.  ----
OFIELD Q6 NEAR	INCAR	Category:INCAR_tag	Description: {{TAG|OFIELD_Q6_NEAR}} sets the near-fading distance (in \AA) for the computation of a continuous Q_6 parameter in the interface-pinning method.  ----
OMEGAMAX	INCAR	Category:INCAR_tag	Description: {{TAG|OMEGAMAX}} specifies the maximum frequency for the dense part of the frequency grid for GW calculations (old GW code, does not apply to GWR).  For CRPA calculations, {{TAG|OMEGAMAX}} is the frequency point of the interaction.  For BSE calculations {{TAG|OMEGAMAX}} determines the m
OMEGAMIN	INCAR	Category:INCAR_tag	Description: {{TAG|OMEGAMIN}} sets the minimum frequency in the frequency grid.  ----
OMEGATL	INCAR	Category:INCAR_tag	Description: {{TAG|OMEGATL}} specifies the maximum frequency for the coarse part of the frequency grid.  ---- For the frequency grid along the real and imaginary axis sophisticated schemes are used, which are based on simple model functions for the macroscopic dielectric function. The grid spacing i
PARAM1	INCAR	Category:INCAR_tag	Description: \mu for {{TAG|GGA}}=MK, \beta for {{TAG|GGA}}=BO.  ----
PARAM2	INCAR	Category:INCAR_tag	Description: \kappa for {{TAG|GGA}}=MK, or \mu for {{TAG|GGA}}=BO. ----
PFLAT	INCAR	Category:INCAR_tag	Description: Control flag for the output of the profiling routines. ---- If specified as {{TAG|PMASS}}=*.TRUE.*, only the flat profile is printed out in the {{FILE|OUTCAR}}.
PHON BORN CHARGES	INCAR	Category:INCAR_tag	Description: {{TAG|PHON_BORN_CHARGES}} sets the Born effective charges to be used for the dipole-dipole corrections in the computation of the phonon dispersion. This is only used when {{TAG|LPHON_POLAR}}=.TRUE. ----
PHON DIELECTRIC	INCAR	Category:INCAR_tag	Description: {{TAG|PHON_DIELECTRIC}} sets the static dielectric tensor to be used for the dipole-dipole corrections in the computation of the phonon dispersion. This is only used when {{TAG|LPHON_POLAR}}=.TRUE. ----
PHON DOS	INCAR	Category:INCAR_tag	Description: Select the approach to use when computing the phonon density-of-states (DOS).
PHON G CUTOFF	INCAR	Category:INCAR_tag	Description: {{TAG|PHON_G_CUTOFF}} sets the cutoff radius in reciprocal space used to determine the number of \mathbf{G} vectors involved in the Ewald sum in polar phonon calculations. ----
PHON LBOSE	INCAR	Category:INCAR_tag	Description: Determines whether structures in the sampling are created according to Bose-Einstein or Maxwell-Boltzmann statistics.  ---- For {{TAG|PHON_LBOSE}}=*.TRUE.* Bose-Einstein statistics is used.
PHON LMC	INCAR	Category:INCAR_tag	Description: Controls whether electron-phonon interactions from Monte-Carlo sampling are calculated or not.  ---- For further usage of this tag see: {{TAG|Electron-phonon interactions from Monte-Carlo sampling}}.  {{NB|mind|This feature is available for VASP >{{=}} 6.0.}} ## Related tags and article
PHON NEDOS	INCAR	Category:INCAR_tag	Description: Sets the number of frequency points to compute the phonon density of states.
PHON NSTRUCT	INCAR	Category:INCAR_tag	Description: Sets the number of structures for electron-phonon interactions from Monte-Carlo (MC) sampling.  ---- For {{TAG|PHON_NSTRUCT}}=-1 the eigenvalues and eigenvectors of the dynamic matrix are written to the file {{TAG|DYNMATFULL}}.
PHON NWRITE	INCAR	Category:INCAR_tag	Description: {{TAG|PHON_NWRITE}}  determines how much output is written to the {{FILE|OUTCAR}} file when computing the phonon dispersion {{TAG|LPHON_DISPERSION}}=.TRUE.
PHON SIGMA	INCAR	Category:INCAR_tag	Description: Set the width of the Gaussian function in eV to compute the phonon density of states.
PHON TLIST	INCAR	Category:INCAR_tag	Description: Provides the list of temperatures for that the electron-phonon interaction using the ZG configuration{{cite|zacharias:prb:2016}} is evaluated.  ---- For further usage of this tag see: {{TAG|Electron-phonon interactions from Monte-Carlo sampling}}. {{NB|mind|This feature is available for
PLEVEL	INCAR	Category:INCAR_tag	Description: Control tag for the output of the profiling routines.
PLUGINS/FORCE AND STRESS	INCAR	Category:INCAR_tag	Description: {{TAG|PLUGINS/FORCE_AND_STRESS}} calls the Python plugin for the force and stress interface for each ionic relaxation step ----
PLUGINS/LOCAL POTENTIAL	INCAR	Category:INCAR_tag	Description: {{TAG|PLUGINS/LOCAL_POTENTIAL}} calls the Python plugin for the local potential interface for each SCF step ----
PLUGINS/MACHINE LEARNING	INCAR	Category:INCAR_tag	Description: {{TAG|PLUGINS/MACHINE_LEARNING}} calls the Python plugin for the machine learning interface for each ionic relaxation step {{NB|deprecated|We do not recommend using this interface anymore. There is a mismatch in the units of ASE and VASP that makes this hard to use. Please use {{TAG|PLU
PLUGINS/ML MODE	INCAR	Category:INCAR_tag	Description: String-based tag selecting operation mode for running {{TAG|PLUGINS/FORCE_AND_STRESS}} plugins. ----
PLUGINS/ML OUTBLOCK	INCAR	Category:INCAR_tag	Description: Equivalent to {{TAG|ML_OUTBLOCK}} for calculations run via plugins instead of using VASP internal force fields.  ----
PLUGINS/ML OUTPUT MODE	INCAR	Category:INCAR_tag	Description: Equivalent to {{TAG|ML_OUTPUT_MODE}} for calculations run via plugins instead of using VASP internal force fields.  ----
PLUGINS/NEIGHBOR CUTOFF	INCAR	Category:INCAR_tag	Description: {{TAG|PLUGINS/NEIGHBOR_CUTOFF}} determines the cutoff up to which the neighbor list is computed that is passed to the Python plugins. If not set, the neighbor list will be empty. ----
PLUGINS/OCCUPANCIES	INCAR	Category:INCAR_tag	Description: {{TAG|PLUGINS/OCCUPANCIES}} calls the Python plugin for the occupancies interface for each ionic relaxation step ----
PLUGINS/STRUCTURE	INCAR	Category:INCAR_tag	Description: {{TAG|PLUGINS/STRUCTURE}} calls the Python plugin for the structure interface for each ionic relaxation step ----
PMASS	INCAR	Category:INCAR_tag	Description: {{TAG|PMASS}} assigns a fictitious mass (in amu) to the lattice degrees-of-freedom in case of Parrinello-Rahman dynamics (in case VASP was compiled with -Dtbdyn). ---- When running *NpT* simulations with a Langevin thermostat ({{TAG|MDALGO}}=3), using the method of Parrinello and Rahman
POMASS	INCAR	Category:INCAR_tag	Description: Array of masses of the atoms in atomic units.
POMASS	POTCAR	Category:POTCAR_tag	Description: Array of masses of the atoms in atomic units.
POSNICS	INCAR	Category:INCAR_tag	The {{FILE|POSNICS}} file is an input file that defines the positions to calculate the NMR nucleus-independent chemical shielding (NICS). If it is present in the directory running the job, it will be used by default, though it can be made explicit using {{TAG|LPOSNICS|True}}. The first line defines 
POTIM	INCAR	Category:INCAR_tag	Description: {{TAG|POTIM}} sets the time step in molecular dynamics or the step width in ionic relaxations.
PREC	INCAR	Category:INCAR_tag	Description: {{TAG|PREC}} specifies the "precision" mode. ---- {{TAG|PREC}} sets default values for the energy cutoff {{TAG|ENCUT}}, the FFT grids ({{TAG|NGX}},{{TAG|NGY}},{{TAG|NGZ}}) and ({{TAG|NGXF}},{{TAG|NGYF}},{{TAG|NGZF}}), and the accuracy of the projectors in real space {{TAG|ROPT}} (used o
PRECFOCK	INCAR	Category:INCAR_tag	Description: {{TAG|PRECFOCK}} controls the FFT grids used in the exact exchange routines (Hartree-Fock and hybrid functionals). ---- The FFT grid used for the exact exchange contributions can be chose to be different from the one used for the Hartree and DFT potentials. Information on the  FFT grid 
PROUTINE	INCAR	Category:INCAR_tag	Description: Control flag for the output of the profiling routines. ----
PSTRESS	INCAR	Category:INCAR_tag	Description: Sets the external pressure in kB or adds corrections to the stress tensor.
PSUBSYS	INCAR	Category:INCAR_tag	Description: {{TAG|PSUBSYS}} sets the collision probabilities for the atoms in each atomic subsystem in calculations with multiple Anderson thermostats (in case VASP was compiled with -Dtbdyn). ---- Up to three user-defined atomic subsystems may be coupled with independent Andersen thermostats ({{TA
PTHRESHOLD	INCAR	Category:INCAR_tag	Description: Control flag for the output of the profiling routines. ----
Profiling	INCAR	Category:INCAR_tag	In the most recent version of VASP, profiling routines were added to all important routines in VASP. Using profiling will print at the end of the OUTCAR a list of all routines called during the specific run of VASP, its overall execution time, the number of times it was called and the level at which
QMAXFOCKAE	INCAR	Category:INCAR_tag	Description: Sets the wave vector at which the local augmentation charges are fitted to restore the all-electron charge density on the plane-wave grid. ----
QSPIRAL	INCAR	Category:INCAR_tag	Description: the {{TAG|QSPIRAL}}-tag specifies the spin spiral propagation vector. ---- {{TAG|QSPIRAL}} specifies the spin spiral propagation vector in direct coordinates of the reciprocal lattice.
QUAD EFG	INCAR	Category:INCAR_tag	Description: nuclear quadrupole moment (in millbarn) for the atomic types on the {{FILE|POTCAR}} file. ---- Setting the {{TAG|QUAD_EFG}} tag allows the conversion of the *V*zz (see {{TAG|LEFG}}) values into the quadrupole coupling constants *C*q often encountered in NMR literature. The conversion fo
RANDOM GENERATOR	INCAR	Category:INCAR_tag	Description: Specifies the random-number generator used to initialize the wavefunction (see {{TAG|INIWAV}}) for electronic minimization, initialize atomic velocities for molecular dynamics, etc.
RANDOM SEED	INCAR	Category:INCAR_tag	Description: {{TAG|RANDOM_SEED}} specifies the seed of the random-number generator (compile VASP with -Dtbdyn).  ---- The random-number generator (RNG) generates a sequence of random numbers, which is initialized by the tag {{TAG|RANDOM_SEED}}. For example, in molecular dynamics simulations, the RNG
ROPT	INCAR	Category:INCAR_tag	Description: {{TAG|ROPT}} determines how accurately the projectors are represented in real space. With {{TAG|LREAL}}{{=}}On, the real space projectors are optimized using an algorithm proposed by King-Smith et al.{{cite|king-smith:prb:1991}} {{TAG|LREAL}}=Auto is the recommended scheme since it is c
RSMBJ	INCAR	Category:INCAR_tag	Description: sets the r_{s}^{\mathrm{th}} parameter (in bohr) in the LMBJ potential. ---- See the description of the {{TAG|METAGGA}} tag.
RWIGS	INCAR	Category:INCAR_tag	Description: {{TAG|RWIGS}} specifies the Wigner-Seitz radius (in \AA) for each atom type. ---- *{{TAG|RWIGS}} *has* to be supplied for each atom type if {{TAG|LORBIT}} is set to <10. In this case,  the *spd*- and site projected wave function character of each band is evaluated, and the local partial
RWIGS	POTCAR	Category:POTCAR_tag	Description: {{TAG|RWIGS}} specifies the Wigner-Seitz radius (in \AA) for each atom type. ---- *{{TAG|RWIGS}} *has* to be supplied for each atom type if {{TAG|LORBIT}} is set to <10. In this case,  the *spd*- and site projected wave function character of each band is evaluated, and the local partial
SAXIS	INCAR	Category:INCAR_tag	Description: Set the global spin-quantization axis w.r.t. Cartesian coordinates. ---- {{TAG|SAXIS}} specifies the relative orientation of spinor space spanned by the Pauli matrices \{\sigma_1, \sigma_2, \mathbf{\sigma}_3\} with respect to Cartesian coordinates \{\hat x, \hat y, \hat z\} . The defaul
SCALEE	INCAR	Category:INCAR_tag	Description: This tag specifies the coupling parameter of the energies and forces between a fully interacting system and a reference system.
SCISSOR	INCAR	Category:INCAR_tag	Description: {{TAG|SCISSOR}} specifies the shift for the scissor operator in eV. ----
SCSRAD	INCAR	Category:INCAR_tag	Description: {{TAG|SCSRAD}} defines the cutoff radius (in \AA) used in the calculation of \tau_{ij} within the Tkatchenko-Scheffler method {{TAG|Self-consistent screening in Tkatchenko-Scheffler method}}. ----
SDFTD3 DAMPING	INCAR	Category:INCAR_tag	Description: {{TAG|SDFTD3_DAMPING}} sets the type of damping function in the DFT-D3 method implemented in the simple-DFT-D3 package. ---- {{TAG|SDFTD3_DAMPING}} allows to set the type of damping function to be used in the DFT-D3 method implemented in the simple-DFT-D3 package ({{TAG|IVDW}}=15). The 
SDFTD3 XC	INCAR	Category:INCAR_tag	Description: {{TAG|SDFTD3_XC}} sets the exchange-correlation functional which determines the van der Waals parameters used in the DFT-D3 method implemented in the simple-DFT-D3 package. ---- {{TAG|SDFTD3_XC}} allows to choose the exchange-correlation functional that determines which set of van der W
SHAKEMAXITER	INCAR	Category:INCAR_tag	Description: {{TAG|SHAKEMAXITER}} specifies the maximum number of iterations in the SHAKE algorithm (in case VASP was compiled with -Dtbdyn). ---- Constrained molecular dynamics ({{TAG|MDALGO}}=1 {{!}} 2) are performed using a SHAKE algorithm.
SHAKETOL	INCAR	Category:INCAR_tag	Description: {{TAG|SHAKETOL}} specifies the tolerance for the SHAKE algorithm (in case VASP was compiled with -Dtbdyn). ---- Constrained molecular dynamics ({{TAG|MDALGO}}=1 {{!}} 2  {{!}} 3  {{!}} 4  {{!}} 5) are performed using a SHAKE algorithm.
SHAKETOLSOFT	INCAR	Category:INCAR_tag	Description: {{TAG|SHAKETOLSOFT}} specifies the soft tolerance for the SHAKE algorithm (in case VASP was compiled with -Dtbdyn). ---- Constrained molecular dynamics ({{TAG|MDALGO}}=1 {{!}} 2  {{!}} 3  {{!}} 4  {{!}} 5) are performed using a SHAKE algorithm.
SIGMA	INCAR	Category:INCAR_tag	Description: {{TAG|SIGMA}} specifies the width of the smearing in eV. ---- ## Related tags and articles {{TAG|ISMEAR}}, {{TAG|EFERMI}}, K-point integration
SMASS	INCAR	Category:INCAR_tag	Description: {{TAG|SMASS}} controls the velocities during an ab-initio molecular-dynamics run. ---- * {{TAG|SMASS}}=-3 :For {{TAG|SMASS}}=-3 a microcanonical ensemble (NVE ensemble) is simulated (constant energy molecular dynamics). The calculated Hellmann-Feynman forces serve as an acceleration act
SMBJ	INCAR	Category:INCAR_tag	Description: sets the \sigma parameter (in \AA) in the LMBJ potential. ---- See the description of the {{TAG|METAGGA}} tag.
SMEARINGS	INCAR	Category:INCAR_tag	Description: {{TAG|SMEARINGS}} defines the smearing parameters for {{TAG|ISMEAR|-3}} in the calculation of the partial occupancies.
SPRING	INCAR	Category:INCAR_tag	Description: {{TAG|SPRING}} gives the *spring constant* between the images as used in the elastic band method.
SPRING K	INCAR	Category:INCAR_tag	Description: Force constant for harmonic bias potential. ---- The parameter {{TAG|SPRING_K}} defines force constants (\kappa_{\mu}) for the harmonic bias of the following form:
SPRING R0	INCAR	Category:INCAR_tag	Description: Position of the minimum for a harmonic bias potential. ---- The parameter {{TAG|SPRING_R0}} defines the position of the minimum (\xi_{0\mu}) for the harmonic bias potential of the following form:
SPRING V0	INCAR	Category:INCAR_tag	Description: Rate at which the bias potential is shifted in uc/fs. ---- Consider the bias potential for a molecular-dynamics (MD) run of the form:
STEP MAX	INCAR	Category:INCAR_tag	Description: The flag {{TAG|STEP_MAX}} defines the trust radius (upper limit) for the optimization step (in \AA ) in the {{TAG|Improved Dimer Method}}.
STEP SIZE	INCAR	Category:INCAR_tag	Description: The flag {{TAG|STEP_SIZE}} defines the trial step size for the optimization step (in \AA ) in the {{TAG|Improved Dimer Method}}.
STOP ON	INCAR	Category:INCAR_tag	Description: {{TAG|STOP_ON}} defines if the code should stop on errors only or also on alerts.
SYMPREC	INCAR	Category:INCAR_tag	Description: {{TAG|SYMPREC}} determines to which accuracy the positions in the {{FILE|POSCAR}} file must be specified (as of VASP.4.4.4). ---- {{TAG|SYMPREC}} determines how accurately the positions in the {{FILE|POSCAR}} file must be specified. The default, {{TAG|SYMPREC}}=10-5, is usually large en
SYSTEM	INCAR	Category:INCAR_tag	Description: The "title string" defined by {{TAG|SYSTEM}} is for the user only and should help the user to identify what he/she wants to do with this specific input file. ---- The {{TAG|SYSTEM}} tag is followed by a string that possibly contains blanks. The string is read in and written to the main 
TEBEG	INCAR	Category:INCAR_tag	Description: {{TAG|TEBEG}} sets the starting temperature (in K) for an ab-initio molecular dynamics run ({{TAG|IBRION}}=0) and other routines (e.g. {{TAG|Electron-phonon interactions from Monte-Carlo sampling}}). ---- If no initial velocities are supplied on the {{FILE|POSCAR}} file, the velocities 
TEEND	INCAR	Category:INCAR_tag	Description: {{TAG|TEEND}} sets the final temperature (in K) for an ab-initio molecular-dynamics run. ---- ## Related tags and articles {{TAG|TEBEG}}, {{TAG|IBRION}},
TILAMBDA	INCAR	Category:INCAR_tag	Description: {{TAG|TILAMBDA}} defines the coupling parameter \lambda used in Thermodynamic integration using a Hessian reference. The value of \lambda must be from the inverval \langle 0, 1 \rangle.
TIME	INCAR	Category:INCAR_tag	Description: {{TAG|TIME}} controls the time step for {{TAG|IALGO}}=5X and for the initial (steepest descent) phase of {{TAG|IALGO}}=4X. ---- ## Related tags and articles
TITEL	POTCAR	Category:POTCAR_tag	Definition: The {{TAG|TITEL}} tag specifies the title of a specific {{FILE|POTCAR}} file. It is also the first line of any {{FILE|POTCAR}} file. It is not possible nor necessary to set this tag in the {{FILE|INCAR}} file. ----- The {{FILE|POTCAR}} tag {{TAG|TITEL}} is a string composed of: * the typ
TRANSPORT NEDOS	INCAR	Category:INCAR_tag	Description: Choose the number of points in the Gauss-Legendre integration grid for the computation of the Onsager coefficients, which in turn are used to compute the transport coefficients.
TRANSPORT RELAXATION TIME	INCAR	Category:INCAR_tag	Description: Value of the constant relaxation time in unit of seconds.
TSUBSYS	INCAR	Category:INCAR_tag	Description: {{TAG|TSUBSYS}} sets the temperatures for the atomic subsystems in calculations with multiple Anderson thermostats (in case VASP was compiled with -Dtbdyn). ---- Up to three user-defined atomic subsystems may be coupled with independent Andersen thermostats ({{TAG|MDALGO}}=13).
VACPOTFLAT	INCAR	Category:INCAR_tag	Description: Maximum permissible 2D-averaged electric field for a region considered to be field-free in eV/Å. ----
VALUE MAX	INCAR	Category:INCAR_tag	Description: {{TAG|VALUE_MAX}} sets the upper limits for the monitoring of geometric parameters (in case VASP was compiled with -Dtbdyn). ---- For {{TAG|MDALGO}}=1 {{!}} 2, the geometric parameters defined in the {{FILE|ICONST}} file may be monitored without being subjected to a constraint or bias p
VALUE MIN	INCAR	Category:INCAR_tag	Description: {{TAG|VALUE_MIN}} sets the lower limits for the monitoring of geometric parameters (in case VASP was compiled with -Dtbdyn). ---- For {{TAG|MDALGO}}=1 {{!}} 2, the geometric parameters defined in the {{FILE|ICONST}} file may be monitored without being subjected to a constraint or bias p
VCA	INCAR	Category:INCAR_tag	Description: {{TAG|VCA}} is short for the virtual crystal approximation; the tag allows to "weight" each species found in the POTCAR file. ---- The tag {{TAG|VCA}} must be supplied for each atom type or species found in the {{TAG|POTCAR}} and {{TAG|POSCAR}} file, respectively.  It weights the corres
VCAIMAGES	INCAR	Category:INCAR_tag	Description: The tag {{TAG|VCAIMAGES}} allows to perform thermodynamic integrations (TI); it defines the coupling parameter &lambda;.  ---- {{TAG|VCAIMAGES}} allows two molecular dynamics (MD) simulations to be performed with e.g. different {{TAG|POTCAR}} or {{TAG|KPOINTS}} files or different exchan
VCUTOFF	INCAR	Category:INCAR_tag	Description: The parameter {{TAG|VCUTOFF}} sets the energy cutoff for bare Coulomb matrix elements and controls the basis set for the bare Coulomb interaction.
VDW A1	INCAR	Category:INCAR_tag	Description: {{TAG|VDW_A1}} sets the scaling a_{1} of the critical radii in the rational Becke-Johnson damping function of the DFT-D3 and DFT-D4 methods. ---- {{TAG|VDW_A1}} allows to set the scaling a_{1} of the critical radii in the rational Becke-Johnson damping function: *DFT-D3 ({{TAG|IVDW}}=12
VDW A2	INCAR	Category:INCAR_tag	Description: {{TAG|VDW_A2}} sets the offset a_{2} of the critical radii in the rational Becke-Johnson damping function of the DFT-D3 and DFT-D4 methods. ---- {{TAG|VDW_A2}} allows to set the offset a_{2} of the critical radii in the rational Becke-Johnson damping function: *DFT-D3 ({{TAG|IVDW}}=12).
VDW ALPHA	INCAR	Category:INCAR_tag	Description: {{TAG|VDW_ALPHA}} defines the polarizability \alpha_{0} (bohr^{3}) for each species defined in the {{TAG|POSCAR}} file. ---- {{TAG|VDW_ALPHA}} sets the polarizability \alpha_{0} (bohr^{3}) for each species defined in the {{TAG|POSCAR}} file for the Tkatchenko-Scheffler and Many-body dis
VDW BETA	INCAR	Category:INCAR_tag	Description: {{TAG|VDW_BETA}} sets the offset for the damping radius or the power for the zero-damping component in the DFT-D3 methods implemented in the simple-DFT-D3 package.
VDW C6	INCAR	Category:INCAR_tag	Description: {{TAG|VDW_C6}} defines the C_6 parameters (\mathrm{Jnm}^{6}\mathrm{mol}^{-1}) for each species defined in the {{TAG|POSCAR}} file. ---- {{TAG|VDW_C6}} sets the C_6 parameters (\mathrm{Jnm}^{6}\mathrm{mol}^{-1}) for each species defined in the {{TAG|POSCAR}} file for the DFT-D2, DFT-ulg,
VDW C6AU	INCAR	Category:INCAR_tag	Description: {{TAG|VDW_C6AU}} defines the C_6 parameters (\mathrm{Hartree} \mathrm{bohr}^{6}) for each species defined in the {{TAG|POSCAR}} file. ---- {{TAG|VDW_C6AU}} sets the C_6 parameters (\mathrm{Hartree} \mathrm{bohr}^{6}) for each species defined in the {{TAG|POSCAR}} file for the Tkatchenko
VDW CNRADIUS	INCAR	Category:INCAR_tag	Description: {{TAG|VDW_CNRADIUS}} (in Å) sets the coordination number cutoff of the DFT-D3 and DFT-D4 methods. ----
VDW D	INCAR	Category:INCAR_tag	Description: {{TAG|VDW_D}} defines the damping parameter d. ---- {{TAG|VDW_D}} sets the damping parameter d for the DFT-D2, DFT-ulg, Tkatchenko-Scheffler, and Many-body dispersion energy methods.
VDW R0	INCAR	Category:INCAR_tag	Description: {{TAG|VDW_R0}} defines the R_0 parameters (\AA) for each species defined in the {{TAG|POSCAR}} file. ---- {{TAG|VDW_R0}} sets the R_0 parameters (\AA) for each species defined in the {{TAG|POSCAR}} file for the DFT-D2, DFT-ulg, Tkatchenko-Scheffler, and Many-body dispersion energy metho
VDW R0AU	INCAR	Category:INCAR_tag	Description: {{TAG|VDW_R0AU}} defines the R_0 parameters (bohr) for each species defined in the {{TAG|POSCAR}} file. ---- {{TAG|VDW_R0AU}} sets the R_0 parameters (bohr) for each species defined in the {{TAG|POSCAR}} file for the Tkatchenko-Scheffler and Many-body dispersion energy methods.
VDW RADIUS	INCAR	Category:INCAR_tag	Description: {{TAG|VDW_RADIUS}} (in Å) sets the two-body interaction cutoff in van der Waals methods. ----
VDW S6	INCAR	Category:INCAR_tag	Description: {{TAG|VDW_S6}} sets a parameter in the damping function of van der Waals methods. ---- {{TAG|VDW_S6}} allows to set the value of a parameter in the following methods:  *Scaling s_{6} of the dipole-dipole dispersion of the DFT-D2 ({{TAG|IVDW}}=1), DFT-D3, DFT-D4 ({{TAG|IVDW}}=13), DFT-ul
VDW S8	INCAR	Category:INCAR_tag	Description: {{TAG|VDW_S8}} sets the scaling s_{8} of the dipole-quadrupole dispersion of the DFT-D3 and DFT-D4 methods. ---- {{TAG|VDW_S8}} allows to set the scaling s_{8} of the dipole-quadrupole dispersion of the DFT-D3 and DFT-D4 ({{TAG|IVDW}}=13) methods. {{TAG|VDW_S8}} can be used for both imp
VDW S9	INCAR	Category:INCAR_tag	Description: {{TAG|VDW_S9}} sets the contribution of the three-body term to the dispersion energy. ---- {{TAG|VDW_S9}} allows to set the coefficient s_{9} that multiplies the three-body (Axilrod–Teller–Muto) term in the DFT-D3 and DFT-D4 methods implemented in the simple-DFT-D3 ({{TAG|IVDW}}=15) and
VDW SR	INCAR	Category:INCAR_tag	Description: {{TAG|VDW_SR}} sets a parameter in the damping function of van der Waals methods. ---- {{TAG|VDW_SR}} allows to set the value of a parameter in the following methods: *Radii scaling s_{r,6} in the dipole-dipole zero-damping function of DFT-D3. {{TAG|VDW_SR}} can be used for both impleme
VDW SR8	INCAR	Category:INCAR_tag	Description: {{TAG|VDW_SR8}} sets the radii scaling s_{r,8} in the dipole-quadrupole zero-damping function of the DFT-D3 method.
VELOCITY	INCAR	Category:INCAR_tag	Description: Determines whether the ionic velocities are written to the {{FILE|vaspout.h5}} file during an MD run.
VOSKOWN	INCAR	Category:INCAR_tag	Description: Determines whether Vosko-Wilk-Nusair interpolation is used or not.
WANNIER90 WIN	INCAR	Category:INCAR_tag	Description: {{TAG|WANNIER90_WIN}} sets the content of the **wannier90.win** file. ----
WC	INCAR	Category:INCAR_tag	Description: {{TAG|WC}} specifies the weight factor for each step in Broyden mixing scheme ({{TAG|IMIX}}=4). ---- *{{TAG|WC}}>0 :Set all weights identical to {{TAG|WC}} (resulting in Pulay's mixing method), up to now Pulay's scheme was always superior to Broyden's 2nd method.
WEIMIN	INCAR	Category:INCAR_tag	Description: {{TAG|WEIMIN}} specifies the maximum weight for a band to be considered empty. ---- The tags {{TAG|WEIMIN}}, {{TAG|EBREAK}}, and {{TAG|DEPER}} allow fine-tuning of the iterative matrix diagonalization and are best not changed. They are optimized for a large variety of systems, and chang
WRT DENSITY	INCAR	Category:INCAR_tag	Description: Select which densities associated to the local potential are written as a post-processing step. ---- {{TAG|WRT_DENSITY}} can select one or multiple densities on the real-space grid in the unit cell to be written, e.g.,   {{TAGBL|WRT_DENSITY}} = gradient or   {{TAGBL|WRT_DENSITY}} = dens
WRT NMRCUR	INCAR	Category:INCAR_tag	Description: Allows to write the NMR current response in atomic units to file.
WRT POTENTIAL	INCAR	Category:INCAR_tag	Description: Select which component of the local potential to be written as a post-processing step. ---- {{TAG|WRT_POTENTIAL}} can select one or multiple local potentials on the real-space grid in the unit cell to be written, e.g.,   {{TAGBL|WRT_POTENTIAL}} = total or   {{TAGBL|WRT_POTENTIAL}} = har
XC	INCAR	Category:INCAR_tag	Description: Specifies a combination of exchange-correlation functionals. ---- A combination of semilocal (LDA, GGA, and METAGGA) functionals can be set with the {{TAG|XC}} tag, which provides much more flexibility in the choice of the functional compared to the {{TAG|GGA}} and {{TAG|METAGGA}} tags.
XC C	INCAR	Category:INCAR_tag	Description: Multiplication factors for the components of the functional given by the {{TAG|XC}} tag. ----
XCm Pn	INCAR	Category:INCAR_tag	Description: {{TAG|XCm_Pn}}, where m=1, 2, \ldots and n=1, 2, \ldots allows to modify the parameters in a semilocal functional. ----
ZAB VDW	INCAR	Category:INCAR_tag	Description: The tag {{TAG|ZAB_VDW}} specifies the value of the parameter Z_{ab} in the kernel of the nonlocal vdW-DF functional of Dion *et al*.{{cite|dion:prl:2004}} ---- In a revised version of the vdW correlation functional from Lee *et al*.{{cite|lee:prb:2010}}, Z_{ab}=-1.8867.
ZVAL	POTCAR	Category:POTCAR_tag	Description: {{TAG|ZVAL}} states the valency of the pseudopotential.
